nohup: ввод игнорируется
warning: unnecessary parentheses around `if` condition
   --> /home/server/projects/ikm-calc/ikm_calc/src/calculation/kmh.rs:398:8
    |
398 |     if (rho_top.is_some()) {
    |        ^                 ^
    |
    = note: `#[warn(unused_parens)]` (part of `#[warn(unused)]`) on by default
help: remove these parentheses
    |
398 -     if (rho_top.is_some()) {
398 +     if rho_top.is_some() {
    |

warning: unnecessary parentheses around `if` condition
   --> /home/server/projects/ikm-calc/ikm_calc/src/calculation/kmh.rs:403:8
    |
403 |     if (rho_mid.is_some()) {
    |        ^                 ^
    |
help: remove these parentheses
    |
403 -     if (rho_mid.is_some()) {
403 +     if rho_mid.is_some() {
    |

warning: unnecessary parentheses around `if` condition
   --> /home/server/projects/ikm-calc/ikm_calc/src/calculation/kmh.rs:408:8
    |
408 |     if (rho_bottom.is_some()) {
    |        ^                    ^
    |
help: remove these parentheses
    |
408 -     if (rho_bottom.is_some()) {
408 +     if rho_bottom.is_some() {
    |

warning: unnecessary parentheses around `if` condition
   --> /home/server/projects/ikm-calc/ikm_calc/src/calculation/kmh.rs:413:8
    |
413 |     if (divider > 0.0 && _rho > 0.0) {
    |        ^                           ^
    |
help: remove these parentheses
    |
413 -     if (divider > 0.0 && _rho > 0.0) {
413 +     if divider > 0.0 && _rho > 0.0 {
    |

warning: unnecessary parentheses around `if` condition
   --> /home/server/projects/ikm-calc/ikm_calc/src/calculation/kmh.rs:496:8
    |
496 |     if (product_density_avg <= 0.0) {
    |        ^                          ^
    |
help: remove these parentheses
    |
496 -     if (product_density_avg <= 0.0) {
496 +     if product_density_avg <= 0.0 {
    |

warning: variable `delta_h_otn` is assigned to, but never used
   --> /home/server/projects/ikm-calc/ikm_calc/src/calculation/additional.rs:475:7
    |
475 |   let mut delta_h_otn = 0.0;
    |       ^^^^^^^^^^^^^^^
    |
    = note: consider using `_delta_h_otn` instead
    = note: `#[warn(unused_variables)]` (part of `#[warn(unused)]`) on by default

warning: value assigned to `delta_h_otn` is never read
   --> /home/server/projects/ikm-calc/ikm_calc/src/calculation/additional.rs:524:7
    |
524 |       delta_h_otn = factors_4.f_p;
    |       ^^^^^^^^^^^^^^^^^^^^^^^^^^^
    |
    = help: maybe it is overwritten before being read?
    = note: `#[warn(unused_assignments)]` (part of `#[warn(unused)]`) on by default

warning: `ikm-calc` (lib) generated 7 warnings (run `cargo fix --lib -p ikm-calc` to apply 5 suggestions)
warning: unused import: `std::cell::LazyCell`
 --> /home/server/projects/taxon/crates/taxon_core/src/actors/ipc/errors.rs:6:5
  |
6 | use std::cell::LazyCell;
  |     ^^^^^^^^^^^^^^^^^^^
  |
  = note: `#[warn(unused_imports)]` (part of `#[warn(unused)]`) on by default

warning: unused imports: `TimeZone` and `Utc`
  --> /home/server/projects/taxon/crates/taxon_core/src/actors/ipc/protocol.rs:32:31
   |
32 | use chrono::{DateTime, Local, TimeZone, Utc};
   |                               ^^^^^^^^  ^^^

warning: unused imports: `method_not_allowed` and `protocol`
  --> /home/server/projects/taxon/crates/taxon_core/src/actors/ipc/protocol.rs:38:24
   |
38 |     errors::{IPCError, method_not_allowed},
   |                        ^^^^^^^^^^^^^^^^^^
39 |     protocol,
   |     ^^^^^^^^

warning: unused import: `Case`
  --> /home/server/projects/taxon/crates/taxon_core/src/actors/ipc/protocol.rs:43:20
   |
43 | use convert_case::{Case, Casing};
   |                    ^^^^

warning: unused import: `fancy_regex::Regex`
  --> /home/server/projects/taxon/crates/taxon_core/src/actors/ipc/protocol.rs:44:5
   |
44 | use fancy_regex::Regex;
   |     ^^^^^^^^^^^^^^^^^^

warning: unused imports: `SchemaGenerator` and `schema_for`
  --> /home/server/projects/taxon/crates/taxon_core/src/actors/ipc/protocol.rs:45:36
   |
45 | use schemars::{JsonSchema, Schema, SchemaGenerator, schema_for};
   |                                    ^^^^^^^^^^^^^^^  ^^^^^^^^^^

warning: unused import: `Value`
  --> /home/server/projects/taxon/crates/taxon_core/src/actors/ipc/protocol.rs:47:18
   |
47 | use serde_json::{Value, json};
   |                  ^^^^^

warning: unused import: `StrExt`
  --> /home/server/projects/taxon/crates/taxon_core/src/actors/ipc/protocol.rs:49:25
   |
49 | use smol_str::{SmolStr, StrExt};
   |                         ^^^^^^

warning: unused imports: `Any`, `DefaultHasher`, `LazyCell`, `OnceCell`, and `sync::LazyLock`
  --> /home/server/projects/taxon/crates/taxon_core/src/actors/ipc/protocol.rs:51:9
   |
51 |   any::{Any, type_name},
   |         ^^^
52 |   cell::{LazyCell, OnceCell},
   |          ^^^^^^^^  ^^^^^^^^
...
55 |   hash::{DefaultHasher, Hash, Hasher, RandomState},
   |          ^^^^^^^^^^^^^
56 |   sync::LazyLock,
   |   ^^^^^^^^^^^^^^

warning: unused imports: `debug`, `error`, `info`, and `warn`
  --> /home/server/projects/taxon/crates/taxon_core/src/actors/ipc/protocol.rs:58:15
   |
58 | use tracing::{debug, error, info, warn};
   |               ^^^^^  ^^^^^  ^^^^  ^^^^

warning: unused import: `axum::Router`
 --> /home/server/projects/taxon/crates/taxon_core/src/actors/ipc/http_actor.rs:6:5
  |
6 | use axum::Router;
  |     ^^^^^^^^^^^^

warning: unused imports: `Message`, `State`, `response::Response`, and `routing::get`
  --> /home/server/projects/taxon/crates/taxon_core/src/actors/ipc/http_actor.rs:10:5
   |
10 |     State,
   |     ^^^^^
11 |     ws::{Message, WebSocket},
   |          ^^^^^^^
12 |   },
13 |   response::Response,
   |   ^^^^^^^^^^^^^^^^^^
14 |   routing::get,
   |   ^^^^^^^^^^^^

warning: unused import: `std::collections::HashMap`
  --> /home/server/projects/taxon/crates/taxon_core/src/actors/ipc/http_actor.rs:18:5
   |
18 | use std::collections::HashMap;
   |     ^^^^^^^^^^^^^^^^^^^^^^^^^

warning: unused import: `Any`
  --> /home/server/projects/taxon/crates/taxon_core/src/actors/ipc/http_actor.rs:21:24
   |
21 | use tower_http::cors::{Any, CorsLayer};
   |                        ^^^

warning: unused import: `futures::future::BoxFuture`
  --> /home/server/projects/taxon/crates/taxon_core/src/actors/ipc/http_actor.rs:35:5
   |
35 | use futures::future::BoxFuture;
   |     ^^^^^^^^^^^^^^^^^^^^^^^^^^

warning: unused import: `future`
  --> /home/server/projects/taxon/crates/taxon_core/src/actors/ipc/http_actor.rs:37:26
   |
37 | use futures::{FutureExt, future};
   |                          ^^^^^^

warning: unused import: `stream::SplitSink`
  --> /home/server/projects/taxon/crates/taxon_core/src/actors/ipc/http_actor.rs:38:40
   |
38 | use futures_util::{SinkExt, StreamExt, stream::SplitSink};
   |                                        ^^^^^^^^^^^^^^^^^

warning: unused import: `ActorCell`
  --> /home/server/projects/taxon/crates/taxon_core/src/actors/ipc/http_actor.rs:40:21
   |
40 | use ractor::{Actor, ActorCell, ActorProcessingErr, ActorRef, SpawnErr};
   |                     ^^^^^^^^^

warning: unused imports: `BTreeSet` and `HashSet`
  --> /home/server/projects/taxon/crates/taxon_core/src/actors/ipc/http_actor.rs:41:24
   |
41 | use std::collections::{BTreeSet, HashSet};
   |                        ^^^^^^^^  ^^^^^^^

warning: unused import: `tokio::net::TcpListener`
  --> /home/server/projects/taxon/crates/taxon_core/src/actors/ipc/http_actor.rs:45:5
   |
45 | use tokio::net::TcpListener;
   |     ^^^^^^^^^^^^^^^^^^^^^^^

warning: unused import: `error`
  --> /home/server/projects/taxon/crates/taxon_core/src/actors/ipc/http_actor.rs:46:15
   |
46 | use tracing::{error, info, warn};
   |               ^^^^^

warning: unused import: `crate::infrastructure::user::UserStatus`
  --> /home/server/projects/taxon/crates/taxon_core/src/actors/ipc/http_actor.rs:49:5
   |
49 | use crate::infrastructure::user::UserStatus;
   |     ^^^^^^^^^^^^^^^^^^^^^^^^^^^^^^^^^^^^^^^

warning: unused import: `Response`
   --> /home/server/projects/taxon/crates/taxon_core/src/actors/ipc/http_actor.rs:102:34
    |
102 |         response::{IntoResponse, Response},
    |                                  ^^^^^^^^

warning: unused import: `tracing::Value`
   --> /home/server/projects/taxon/crates/taxon_core/src/actors/ipc/http_actor.rs:154:19
    |
154 |               use tracing::Value;
    |                   ^^^^^^^^^^^^^^

warning: unused imports: `Arc` and `Mutex`
   --> /home/server/projects/taxon/crates/taxon_core/src/actors/ipc/http_actor.rs:596:17
    |
596 | use std::sync::{Arc, Mutex};
    |                 ^^^  ^^^^^

warning: unused imports: `self` and `variant::Variant`
  --> /home/server/projects/taxon/crates/taxon_core/src/actors/ipc/ipc_actor.rs:7:20
   |
 7 |       http_actor::{self, HttpActor, HttpActorMsg},
   |                    ^^^^
...
14 |   variant::Variant,
   |   ^^^^^^^^^^^^^^^^

warning: unused import: `axum::http::Version`
  --> /home/server/projects/taxon/crates/taxon_core/src/actors/ipc/ipc_actor.rs:17:5
   |
17 | use axum::http::Version;
   |     ^^^^^^^^^^^^^^^^^^^

warning: unused import: `bytes::Bytes`
  --> /home/server/projects/taxon/crates/taxon_core/src/actors/ipc/ipc_actor.rs:18:5
   |
18 | use bytes::Bytes;
   |     ^^^^^^^^^^^^

warning: unused imports: `DateTime` and `Local`
  --> /home/server/projects/taxon/crates/taxon_core/src/actors/ipc/ipc_actor.rs:19:14
   |
19 | use chrono::{DateTime, Local};
   |              ^^^^^^^^  ^^^^^

warning: unused import: `fancy_regex::Regex`
  --> /home/server/projects/taxon/crates/taxon_core/src/actors/ipc/ipc_actor.rs:20:5
   |
20 | use fancy_regex::Regex;
   |     ^^^^^^^^^^^^^^^^^^

warning: unused import: `futures::future::BoxFuture`
  --> /home/server/projects/taxon/crates/taxon_core/src/actors/ipc/ipc_actor.rs:21:5
   |
21 | use futures::future::BoxFuture;
   |     ^^^^^^^^^^^^^^^^^^^^^^^^^^

warning: unused import: `futures::select`
  --> /home/server/projects/taxon/crates/taxon_core/src/actors/ipc/ipc_actor.rs:22:5
   |
22 | use futures::select;
   |     ^^^^^^^^^^^^^^^

warning: unused import: `future`
  --> /home/server/projects/taxon/crates/taxon_core/src/actors/ipc/ipc_actor.rs:23:26
   |
23 | use futures::{FutureExt, future};
   |                          ^^^^^^

warning: unused imports: `ActorCell`, `RpcReplyPort`, and `cast`
  --> /home/server/projects/taxon/crates/taxon_core/src/actors/ipc/ipc_actor.rs:25:10
   |
25 |   Actor, ActorCell, ActorId, ActorProcessingErr, ActorRef, MessagingErr, OutputPort, RpcReplyPort,
   |          ^^^^^^^^^                                                                   ^^^^^^^^^^^^
26 |   SpawnErr, cast,
   |             ^^^^

warning: unused imports: `JsonSchema`, `Schema`, and `schema_for`
  --> /home/server/projects/taxon/crates/taxon_core/src/actors/ipc/ipc_actor.rs:28:16
   |
28 | use schemars::{JsonSchema, Schema, schema_for};
   |                ^^^^^^^^^^  ^^^^^^  ^^^^^^^^^^

warning: unused imports: `Deserialize`, `Serialize`, and `de::DeserializeOwned`
  --> /home/server/projects/taxon/crates/taxon_core/src/actors/ipc/ipc_actor.rs:29:13
   |
29 | use serde::{Deserialize, Serialize, de::DeserializeOwned};
   |             ^^^^^^^^^^^  ^^^^^^^^^  ^^^^^^^^^^^^^^^^^^^^

warning: unused import: `json`
  --> /home/server/projects/taxon/crates/taxon_core/src/actors/ipc/ipc_actor.rs:30:25
   |
30 | use serde_json::{Value, json};
   |                         ^^^^

warning: unused imports: `Any`, `Read`, `Stdin`, `TypeId`, `hash::Hash`, `net::SocketAddr`, `pin::Pin`, `self`, `stdin`, `stdout`, `sync::Arc`, and `time::Duration`
  --> /home/server/projects/taxon/crates/taxon_core/src/actors/ipc/ipc_actor.rs:33:9
   |
33 |   any::{Any, TypeId},
   |         ^^^  ^^^^^^
34 |   collections::{HashMap, HashSet},
35 |   fmt::{self, Debug},
   |         ^^^^
36 |   hash::Hash,
   |   ^^^^^^^^^^
37 |   io::{Read, Stdin, stdin, stdout},
   |        ^^^^  ^^^^^  ^^^^^  ^^^^^^
38 |   net::SocketAddr,
   |   ^^^^^^^^^^^^^^^
39 |   path::PathBuf,
40 |   pin::Pin,
   |   ^^^^^^^^
41 |   sync::Arc,
   |   ^^^^^^^^^
42 |   time::Duration,
   |   ^^^^^^^^^^^^^^

warning: unused imports: `debug` and `warn`
  --> /home/server/projects/taxon/crates/taxon_core/src/actors/ipc/ipc_actor.rs:44:15
   |
44 | use tracing::{debug, error, info, warn};
   |               ^^^^^               ^^^^

warning: unused imports: `RouterSocket`, `ZmqError`, `ZmqMessage`, and `ZmqResult`
  --> /home/server/projects/taxon/crates/taxon_core/src/actors/ipc/ipc_actor.rs:48:3
   |
48 |   RouterSocket, SocketOptions, ZmqError, ZmqMessage, ZmqResult, prelude::*, util::PeerIdentity,
   |   ^^^^^^^^^^^^                 ^^^^^^^^  ^^^^^^^^^^  ^^^^^^^^^

warning: unused import: `IPCAction`
 --> /home/server/projects/taxon/crates/taxon_core/src/actors/ipc/zmq_actors.rs:1:23
  |
1 | use super::protocol::{IPCAction, IPCMessage};
  |                       ^^^^^^^^^

warning: unused imports: `IPCEvent`, `utils::default`, and `variant::Variant`
 --> /home/server/projects/taxon/crates/taxon_core/src/actors/ipc/zmq_actors.rs:4:13
  |
4 |   prelude::{IPCEvent, *},
  |             ^^^^^^^^
5 |   utils::default,
  |   ^^^^^^^^^^^^^^
6 |   variant::Variant,
  |   ^^^^^^^^^^^^^^^^

warning: unused imports: `DateTime` and `Local`
 --> /home/server/projects/taxon/crates/taxon_core/src/actors/ipc/zmq_actors.rs:9:14
  |
9 | use chrono::{DateTime, Local};
  |              ^^^^^^^^  ^^^^^

warning: unused import: `colored_json::Output`
  --> /home/server/projects/taxon/crates/taxon_core/src/actors/ipc/zmq_actors.rs:10:5
   |
10 | use colored_json::Output;
   |     ^^^^^^^^^^^^^^^^^^^^

warning: unused import: `fancy_regex::Regex`
  --> /home/server/projects/taxon/crates/taxon_core/src/actors/ipc/zmq_actors.rs:11:5
   |
11 | use fancy_regex::Regex;
   |     ^^^^^^^^^^^^^^^^^^

warning: unused import: `futures::future::BoxFuture`
  --> /home/server/projects/taxon/crates/taxon_core/src/actors/ipc/zmq_actors.rs:12:5
   |
12 | use futures::future::BoxFuture;
   |     ^^^^^^^^^^^^^^^^^^^^^^^^^^

warning: unused import: `future`
  --> /home/server/projects/taxon/crates/taxon_core/src/actors/ipc/zmq_actors.rs:14:26
   |
14 | use futures::{FutureExt, future};
   |                          ^^^^^^

warning: unused imports: `ActorId`, `MessagingErr`, `OutputPort`, and `RpcReplyPort`
  --> /home/server/projects/taxon/crates/taxon_core/src/actors/ipc/zmq_actors.rs:16:21
   |
16 |   Actor, ActorCell, ActorId, ActorProcessingErr, ActorRef, MessagingErr, OutputPort, RpcReplyPort,
   |                     ^^^^^^^                                ^^^^^^^^^^^^  ^^^^^^^^^^  ^^^^^^^^^^^^

warning: unused imports: `JsonSchema`, `Schema`, and `schema_for`
  --> /home/server/projects/taxon/crates/taxon_core/src/actors/ipc/zmq_actors.rs:19:16
   |
19 | use schemars::{JsonSchema, Schema, schema_for};
   |                ^^^^^^^^^^  ^^^^^^  ^^^^^^^^^^

warning: unused imports: `Deserialize`, `Serialize`, and `de::DeserializeOwned`
  --> /home/server/projects/taxon/crates/taxon_core/src/actors/ipc/zmq_actors.rs:20:13
   |
20 | use serde::{Deserialize, Serialize, de::DeserializeOwned};
   |             ^^^^^^^^^^^  ^^^^^^^^^  ^^^^^^^^^^^^^^^^^^^^

warning: unused imports: `Any`, `Debug`, `HashMap`, `Read`, `Stdin`, `TypeId`, `hash::Hash`, `net::SocketAddr`, `pin::Pin`, `self`, `stdin`, `stdout`, and `sync::Arc`
  --> /home/server/projects/taxon/crates/taxon_core/src/actors/ipc/zmq_actors.rs:24:9
   |
24 |   any::{Any, TypeId},
   |         ^^^  ^^^^^^
25 |   collections::{HashMap, HashSet},
   |                 ^^^^^^^
26 |   fmt::{self, Debug},
   |         ^^^^  ^^^^^
27 |   hash::Hash,
   |   ^^^^^^^^^^
28 |   io::{Read, Stdin, stdin, stdout},
   |        ^^^^  ^^^^^  ^^^^^  ^^^^^^
29 |   net::SocketAddr,
   |   ^^^^^^^^^^^^^^^
30 |   pin::Pin,
   |   ^^^^^^^^
31 |   sync::Arc,
   |   ^^^^^^^^^

warning: unused imports: `TcpListener` and `TcpStream`
  --> /home/server/projects/taxon/crates/taxon_core/src/actors/ipc/zmq_actors.rs:35:18
   |
35 | use tokio::net::{TcpListener, TcpStream};
   |                  ^^^^^^^^^^^  ^^^^^^^^^

warning: unused imports: `debug` and `warn`
  --> /home/server/projects/taxon/crates/taxon_core/src/actors/ipc/zmq_actors.rs:36:15
   |
36 | use tracing::{debug, error, info, warn};
   |               ^^^^^               ^^^^

warning: unused import: `RouterSocket`
  --> /home/server/projects/taxon/crates/taxon_core/src/actors/ipc/zmq_actors.rs:40:3
   |
40 |   RouterSocket, SocketOptions, ZmqError, ZmqMessage, ZmqResult, prelude::*, util::PeerIdentity,
   |   ^^^^^^^^^^^^

warning: unused import: `DateTime`
 --> /home/server/projects/taxon/crates/taxon_core/src/actors/access/mod.rs:1:14
  |
1 | use chrono::{DateTime, Local};
  |              ^^^^^^^^

warning: unused import: `future`
 --> /home/server/projects/taxon/crates/taxon_core/src/actors/access/mod.rs:2:26
  |
2 | use futures::{FutureExt, future};
  |                          ^^^^^^

warning: unused import: `metrics_process::collector::collect`
 --> /home/server/projects/taxon/crates/taxon_core/src/actors/access/mod.rs:3:5
  |
3 | use metrics_process::collector::collect;
  |     ^^^^^^^^^^^^^^^^^^^^^^^^^^^^^^^^^^^

warning: unused import: `Message`
 --> /home/server/projects/taxon/crates/taxon_core/src/actors/access/mod.rs:4:51
  |
4 | use ractor::{Actor, ActorProcessingErr, ActorRef, Message, RpcReplyPort};
  |                                                   ^^^^^^^

warning: unused imports: `RngCore`, `Rng`, and `rngs::OsRng`
 --> /home/server/projects/taxon/crates/taxon_core/src/actors/access/mod.rs:5:12
  |
5 | use rand::{Rng, RngCore, rngs::OsRng};
  |            ^^^  ^^^^^^^  ^^^^^^^^^^^

warning: unused import: `schemars::JsonSchema`
 --> /home/server/projects/taxon/crates/taxon_core/src/actors/access/mod.rs:6:5
  |
6 | use schemars::JsonSchema;
  |     ^^^^^^^^^^^^^^^^^^^^

warning: unused imports: `Deserialize`, `Serialize`, and `de::DeserializeOwned`
 --> /home/server/projects/taxon/crates/taxon_core/src/actors/access/mod.rs:7:13
  |
7 | use serde::{Deserialize, Serialize, de::DeserializeOwned};
  |             ^^^^^^^^^^^  ^^^^^^^^^  ^^^^^^^^^^^^^^^^^^^^

warning: unused import: `serde_json::Value`
 --> /home/server/projects/taxon/crates/taxon_core/src/actors/access/mod.rs:8:5
  |
8 | use serde_json::Value;
  |     ^^^^^^^^^^^^^^^^^

warning: unused import: `serde_with::*`
 --> /home/server/projects/taxon/crates/taxon_core/src/actors/access/mod.rs:9:5
  |
9 | use serde_with::*;
  |     ^^^^^^^^^^^^^

warning: unused imports: `File`, `HashMap`, `HashSet`, `PathBuf`, `TypeId`, `env`, `io`, `self`, `self`, and `type_name`
  --> /home/server/projects/taxon/crates/taxon_core/src/actors/access/mod.rs:12:9
   |
12 |   any::{TypeId, type_name},
   |         ^^^^^^  ^^^^^^^^^
13 |   collections::{BTreeMap, BTreeSet, HashMap, HashSet},
   |                                     ^^^^^^^  ^^^^^^^
14 |   env,
   |   ^^^
15 |   fs::{self, File},
   |        ^^^^  ^^^^
16 |   io,
   |   ^^
17 |   path::{self, PathBuf},
   |          ^^^^  ^^^^^^^

warning: unused import: `thiserror::Error`
  --> /home/server/projects/taxon/crates/taxon_core/src/actors/access/mod.rs:19:5
   |
19 | use thiserror::Error;
   |     ^^^^^^^^^^^^^^^^

warning: unused imports: `debug`, `info`, and `warn`
  --> /home/server/projects/taxon/crates/taxon_core/src/actors/access/mod.rs:20:15
   |
20 | use tracing::{debug, error, info, warn};
   |               ^^^^^         ^^^^  ^^^^

warning: unused import: `url::Url`
  --> /home/server/projects/taxon/crates/taxon_core/src/actors/access/mod.rs:21:5
   |
21 | use url::Url;
   |     ^^^^^^^^

warning: unused imports: `IPCActorArgs`, `IPCActorMsg`, `IPCActor`, `IPCMessage`, `IPCProtocol`, `IPCRole`, `IPCSchema`, `ModuleConfig`, `ModuleError`, `ProcessActor`, `exe_path`, `logging::LogLevel`, and `module_name`
  --> /home/server/projects/taxon/crates/taxon_core/src/actors/access/mod.rs:28:23
   |
28 |     ActionTargetKind, IPCActor, IPCActorArgs, IPCActorMsg, IPCMessage, IPCProtocol, IPCRole,
   |                       ^^^^^^^^  ^^^^^^^^^^^^  ^^^^^^^^^^^  ^^^^^^^^^^  ^^^^^^^^^^^  ^^^^^^^
29 |     IPCSchema, IPCTarget, ModuleConfig, ModuleError, ProcessActor, exe_path, module_name,
   |     ^^^^^^^^^             ^^^^^^^^^^^^  ^^^^^^^^^^^  ^^^^^^^^^^^^  ^^^^^^^^  ^^^^^^^^^^^
30 |   },
31 |   utils::{default, logging::LogLevel},
   |                    ^^^^^^^^^^^^^^^^^

warning: unused imports: `DateTime` and `Local`
  --> /home/server/projects/taxon/crates/taxon_core/src/actors/access/mod.rs:37:16
   |
37 |   use chrono::{DateTime, Local};
   |                ^^^^^^^^  ^^^^^

warning: unused import: `future`
 --> /home/server/projects/taxon/crates/taxon_core/src/actors/module/actor.rs:1:26
  |
1 | use futures::{FutureExt, future};
  |                          ^^^^^^

warning: unused import: `Message`
 --> /home/server/projects/taxon/crates/taxon_core/src/actors/module/actor.rs:2:51
  |
2 | use ractor::{Actor, ActorProcessingErr, ActorRef, Message, RpcReplyPort, rpc::CallResult};
  |                                                   ^^^^^^^

warning: unused imports: `RngCore` and `rngs::OsRng`
 --> /home/server/projects/taxon/crates/taxon_core/src/actors/module/actor.rs:3:17
  |
3 | use rand::{Rng, RngCore, rngs::OsRng};
  |                 ^^^^^^^  ^^^^^^^^^^^

warning: unused import: `schemars::JsonSchema`
 --> /home/server/projects/taxon/crates/taxon_core/src/actors/module/actor.rs:4:5
  |
4 | use schemars::JsonSchema;
  |     ^^^^^^^^^^^^^^^^^^^^

warning: unused import: `de::DeserializeOwned`
 --> /home/server/projects/taxon/crates/taxon_core/src/actors/module/actor.rs:5:37
  |
5 | use serde::{Deserialize, Serialize, de::DeserializeOwned};
  |                                     ^^^^^^^^^^^^^^^^^^^^

warning: unused imports: `BTreeMap`, `File`, `HashMap`, `TypeId`, `io`, `self`, and `type_name`
  --> /home/server/projects/taxon/crates/taxon_core/src/actors/module/actor.rs:9:9
   |
 9 |   any::{TypeId, type_name},
   |         ^^^^^^  ^^^^^^^^^
10 |   collections::{BTreeMap, HashMap},
   |                 ^^^^^^^^  ^^^^^^^
11 |   env,
12 |   fs::{self, File},
   |              ^^^^
13 |   io,
   |   ^^
14 |   path::{self, Path, PathBuf},
   |          ^^^^

warning: unused import: `thiserror::Error`
  --> /home/server/projects/taxon/crates/taxon_core/src/actors/module/actor.rs:16:5
   |
16 | use thiserror::Error;
   |     ^^^^^^^^^^^^^^^^

warning: unused imports: `debug` and `warn`
  --> /home/server/projects/taxon/crates/taxon_core/src/actors/module/actor.rs:17:15
   |
17 | use tracing::{debug, error, info, warn};
   |               ^^^^^               ^^^^

warning: unused import: `url::Url`
  --> /home/server/projects/taxon/crates/taxon_core/src/actors/module/actor.rs:18:5
   |
18 | use url::Url;
   |     ^^^^^^^^

warning: unused imports: `AccessActor`, `IPCMessage`, `default`, `exe_path`, and `logging::LogLevel`
  --> /home/server/projects/taxon/crates/taxon_core/src/actors/module/actor.rs:23:20
   |
23 |   actors::access::{AccessActor, AccessActorMsg},
   |                    ^^^^^^^^^^^
24 |   prelude::{
25 |     IPCActor, IPCActorArgs, IPCActorMsg, IPCMessage, IPCProtocol, IPCRole, IPCSchema, ModuleConfig,
   |                                          ^^^^^^^^^^
26 |     ModuleError, ProcessActor, exe_path, module_name,
   |                                ^^^^^^^^
27 |   },
28 |   utils::{default, logging::LogLevel},
   |           ^^^^^^^  ^^^^^^^^^^^^^^^^^

warning: unused imports: `ActorProcessingErr`, `Actor`, `Message`, and `RpcReplyPort`
 --> /home/server/projects/taxon/crates/taxon_core/src/actors/module/types.rs:1:14
  |
1 | use ractor::{Actor, ActorProcessingErr, ActorRef, Message, RpcReplyPort, SpawnErr, registry};
  |              ^^^^^  ^^^^^^^^^^^^^^^^^^            ^^^^^^^  ^^^^^^^^^^^^

warning: unused imports: `HashMap`, `TypeId`, `self`, and `self`
  --> /home/server/projects/taxon/crates/taxon_core/src/actors/module/types.rs:7:9
   |
 7 |   any::{TypeId, type_name},
   |         ^^^^^^
 8 |   collections::{BTreeMap, HashMap},
   |                           ^^^^^^^
 9 |   fs::{self, File},
   |        ^^^^
10 |   io,
11 |   path::{self, PathBuf},
   |          ^^^^

warning: unused imports: `debug`, `info`, and `warn`
  --> /home/server/projects/taxon/crates/taxon_core/src/actors/module/types.rs:14:15
   |
14 | use tracing::{debug, error, info, warn};
   |               ^^^^^         ^^^^  ^^^^

warning: unused imports: `IPCActorArgs`, `IPCActor`, `IPCProtocol`, and `ProcessActor`
  --> /home/server/projects/taxon/crates/taxon_core/src/actors/module/types.rs:21:5
   |
21 |     IPCActor, IPCActorArgs, IPCMessage, IPCProtocol, IPCRole, IPCSchema, ModuleActorMsg,
   |     ^^^^^^^^  ^^^^^^^^^^^^              ^^^^^^^^^^^
22 |     ProcessActor,
   |     ^^^^^^^^^^^^

warning: unused import: `default`
 --> /home/server/projects/taxon/crates/taxon_core/src/actors/processing/mod.rs:1:35
  |
1 | use crate::utils::{ArgsIntoState, default};
  |                                   ^^^^^^^

warning: unused imports: `ActorId`, `RactorErr`, and `RpcReplyPort`
 --> /home/server/projects/taxon/crates/taxon_core/src/actors/processing/mod.rs:5:21
  |
5 |   Actor, ActorCell, ActorId, ActorName, ActorProcessingErr, ActorRef, RactorErr, RpcReplyPort,
  |                     ^^^^^^^                                           ^^^^^^^^^  ^^^^^^^^^^^^

warning: unused import: `std::any::type_name`
 --> /home/server/projects/taxon/crates/taxon_core/src/actors/processing/mod.rs:8:5
  |
8 | use std::any::type_name;
  |     ^^^^^^^^^^^^^^^^^^^

warning: unused import: `HashMap`
 --> /home/server/projects/taxon/crates/taxon_core/src/actors/processing/mod.rs:9:24
  |
9 | use std::collections::{HashMap, VecDeque};
  |                        ^^^^^^^

warning: unused imports: `debug`, `error`, `info`, and `warn`
  --> /home/server/projects/taxon/crates/taxon_core/src/actors/processing/mod.rs:14:15
   |
14 | use tracing::{debug, error, info, warn};
   |               ^^^^^  ^^^^^  ^^^^  ^^^^

warning: unused imports: `FutureExt` and `future`
 --> /home/server/projects/taxon/crates/taxon_core/src/actors/storage/actor.rs:2:15
  |
2 | use futures::{FutureExt, future};
  |               ^^^^^^^^^  ^^^^^^

warning: unused import: `metrics_process::collector::collect`
 --> /home/server/projects/taxon/crates/taxon_core/src/actors/storage/actor.rs:3:5
  |
3 | use metrics_process::collector::collect;
  |     ^^^^^^^^^^^^^^^^^^^^^^^^^^^^^^^^^^^

warning: unused imports: `Message` and `RpcReplyPort`
 --> /home/server/projects/taxon/crates/taxon_core/src/actors/storage/actor.rs:4:51
  |
4 | use ractor::{Actor, ActorProcessingErr, ActorRef, Message, RpcReplyPort};
  |                                                   ^^^^^^^  ^^^^^^^^^^^^

warning: unused imports: `RngCore`, `Rng`, and `rngs::OsRng`
 --> /home/server/projects/taxon/crates/taxon_core/src/actors/storage/actor.rs:5:12
  |
5 | use rand::{Rng, RngCore, rngs::OsRng};
  |            ^^^  ^^^^^^^  ^^^^^^^^^^^

warning: unused import: `schemars::JsonSchema`
 --> /home/server/projects/taxon/crates/taxon_core/src/actors/storage/actor.rs:6:5
  |
6 | use schemars::JsonSchema;
  |     ^^^^^^^^^^^^^^^^^^^^

warning: unused import: `de::DeserializeOwned`
 --> /home/server/projects/taxon/crates/taxon_core/src/actors/storage/actor.rs:7:37
  |
7 | use serde::{Deserialize, Serialize, de::DeserializeOwned};
  |                                     ^^^^^^^^^^^^^^^^^^^^

warning: unused import: `serde_with::*`
 --> /home/server/projects/taxon/crates/taxon_core/src/actors/storage/actor.rs:9:5
  |
9 | use serde_with::*;
  |     ^^^^^^^^^^^^^

warning: unused imports: `File`, `HashMap`, `TypeId`, `env`, `io`, `self`, `self`, and `type_name`
  --> /home/server/projects/taxon/crates/taxon_core/src/actors/storage/actor.rs:12:9
   |
12 |   any::{TypeId, type_name},
   |         ^^^^^^  ^^^^^^^^^
13 |   collections::{BTreeMap, HashMap, HashSet},
   |                           ^^^^^^^
14 |   env,
   |   ^^^
15 |   fs::{self, File},
   |        ^^^^  ^^^^
16 |   io,
   |   ^^
17 |   path::{self, PathBuf},
   |          ^^^^

warning: unused import: `thiserror::Error`
  --> /home/server/projects/taxon/crates/taxon_core/src/actors/storage/actor.rs:19:5
   |
19 | use thiserror::Error;
   |     ^^^^^^^^^^^^^^^^

warning: unused imports: `debug`, `error`, `info`, and `warn`
  --> /home/server/projects/taxon/crates/taxon_core/src/actors/storage/actor.rs:20:15
   |
20 | use tracing::{debug, error, info, warn};
   |               ^^^^^  ^^^^^  ^^^^  ^^^^

warning: unused import: `url::Url`
  --> /home/server/projects/taxon/crates/taxon_core/src/actors/storage/actor.rs:21:5
   |
21 | use url::Url;
   |     ^^^^^^^^

warning: unused import: `uuid::Uuid`
  --> /home/server/projects/taxon/crates/taxon_core/src/actors/storage/actor.rs:22:5
   |
22 | use uuid::Uuid;
   |     ^^^^^^^^^^

warning: unused imports: `IPCActorArgs`, `IPCActorMsg`, `IPCActor`, `IPCMessage`, `IPCProtocol`, `IPCRole`, `IPCSchema`, `ModuleConfig`, `ModuleError`, `ProcessActor`, `exe_path`, `logging::LogLevel`, and `module_name`
  --> /home/server/projects/taxon/crates/taxon_core/src/actors/storage/actor.rs:26:5
   |
26 |     IPCActor, IPCActorArgs, IPCActorMsg, IPCMessage, IPCProtocol, IPCRole, IPCSchema, IPCTarget,
   |     ^^^^^^^^  ^^^^^^^^^^^^  ^^^^^^^^^^^  ^^^^^^^^^^  ^^^^^^^^^^^  ^^^^^^^  ^^^^^^^^^
27 |     ModuleConfig, ModuleError, ProcessActor, exe_path, module_name,
   |     ^^^^^^^^^^^^  ^^^^^^^^^^^  ^^^^^^^^^^^^  ^^^^^^^^  ^^^^^^^^^^^
28 |   },
29 |   utils::{default, logging::LogLevel},
   |                    ^^^^^^^^^^^^^^^^^

warning: unused imports: `Patch` and `patch`
 --> /home/server/projects/taxon/crates/taxon_core/src/infrastructure/data.rs:2:18
  |
2 | use json_patch::{Patch, PatchOperation, diff, patch};
  |                  ^^^^^                        ^^^^^

warning: unused import: `ractor::ActorRef`
 --> /home/server/projects/taxon/crates/taxon_core/src/infrastructure/data.rs:3:5
  |
3 | use ractor::ActorRef;
  |     ^^^^^^^^^^^^^^^^

warning: unused import: `Schema`
 --> /home/server/projects/taxon/crates/taxon_core/src/infrastructure/data.rs:4:28
  |
4 | use schemars::{JsonSchema, Schema, schema_for};
  |                            ^^^^^^

warning: unused imports: `BTreeMap`, `BTreeSet`, `HashMap`, `Write`, and `env`
  --> /home/server/projects/taxon/crates/taxon_core/src/infrastructure/data.rs:10:17
   |
10 |   collections::{BTreeMap, BTreeSet, HashMap},
   |                 ^^^^^^^^  ^^^^^^^^  ^^^^^^^
11 |   env,
   |   ^^^
...
14 |   io::{ErrorKind, Write},
   |                   ^^^^^

warning: unused import: `info`
  --> /home/server/projects/taxon/crates/taxon_core/src/infrastructure/data.rs:17:22
   |
17 | use tracing::{error, info};
   |                      ^^^^

warning: unused import: `url::Url`
  --> /home/server/projects/taxon/crates/taxon_core/src/infrastructure/data.rs:19:5
   |
19 | use url::Url;
   |     ^^^^^^^^

warning: unused imports: `ModuleActorExt` and `ModuleActor`
  --> /home/server/projects/taxon/crates/taxon_core/src/infrastructure/data.rs:22:30
   |
22 | use crate::prelude::{Module, ModuleActor, ModuleActorExt};
   |                              ^^^^^^^^^^^  ^^^^^^^^^^^^^^

warning: unused import: `Schema`
 --> /home/server/projects/taxon/crates/taxon_core/src/infrastructure/device.rs:2:28
  |
2 | use schemars::{JsonSchema, Schema};
  |                            ^^^^^^

warning: unused import: `serde_saphyr::ArcWeakAnchor`
 --> /home/server/projects/taxon/crates/taxon_core/src/infrastructure/device.rs:4:5
  |
4 | use serde_saphyr::ArcWeakAnchor;
  |     ^^^^^^^^^^^^^^^^^^^^^^^^^^^

warning: unused imports: `BTreeSet` and `HashMap`
 --> /home/server/projects/taxon/crates/taxon_core/src/infrastructure/device.rs:7:34
  |
7 | use std::collections::{BTreeMap, BTreeSet, HashMap};
  |                                  ^^^^^^^^  ^^^^^^^

warning: unused import: `HashSet`
 --> /home/server/projects/taxon/crates/taxon_core/src/infrastructure/user.rs:1:34
  |
1 | use std::collections::{BTreeSet, HashSet};
  |                                  ^^^^^^^

warning: unused import: `std::sync::LazyLock`
 --> /home/server/projects/taxon/crates/taxon_core/src/utils/mod.rs:1:5
  |
1 | use std::sync::LazyLock;
  |     ^^^^^^^^^^^^^^^^^^^

warning: unused import: `fancy_regex::Regex`
 --> /home/server/projects/taxon/crates/taxon_core/src/utils/mod.rs:3:5
  |
3 | use fancy_regex::Regex;
  |     ^^^^^^^^^^^^^^^^^^

warning: unused imports: `DateTime`, `Local`, `TimeZone`, and `Utc`
 --> /home/server/projects/taxon/crates/taxon_core/src/utils/asyncapi.rs:1:14
  |
1 | use chrono::{DateTime, Local, TimeZone, Utc};
  |              ^^^^^^^^  ^^^^^  ^^^^^^^^  ^^^

warning: unused import: `ractor::ActorRef`
 --> /home/server/projects/taxon/crates/taxon_core/src/utils/asyncapi.rs:2:5
  |
2 | use ractor::ActorRef;
  |     ^^^^^^^^^^^^^^^^

warning: unused imports: `IPCError`, `method_not_allowed`, and `validators::DATE_TIME_RE`
 --> /home/server/projects/taxon/crates/taxon_core/src/utils/asyncapi.rs:7:25
  |
7 |   actors::ipc::errors::{IPCError, method_not_allowed},
  |                         ^^^^^^^^  ^^^^^^^^^^^^^^^^^^
8 |   prelude::*,
9 |   utils::{default, validators::DATE_TIME_RE},
  |                    ^^^^^^^^^^^^^^^^^^^^^^^^

warning: unused imports: `Case` and `Casing`
  --> /home/server/projects/taxon/crates/taxon_core/src/utils/asyncapi.rs:11:20
   |
11 | use convert_case::{Case, Casing};
   |                    ^^^^  ^^^^^^

warning: unused imports: `JsonSchema`, `SchemaGenerator`, and `Schema`
  --> /home/server/projects/taxon/crates/taxon_core/src/utils/asyncapi.rs:13:16
   |
13 | use schemars::{JsonSchema, Schema, SchemaGenerator, schema_for};
   |                ^^^^^^^^^^  ^^^^^^  ^^^^^^^^^^^^^^^

warning: unused imports: `Deserialize`, `Serialize`, and `de::DeserializeOwned`
  --> /home/server/projects/taxon/crates/taxon_core/src/utils/asyncapi.rs:14:13
   |
14 | use serde::{Deserialize, Serialize, de::DeserializeOwned};
   |             ^^^^^^^^^^^  ^^^^^^^^^  ^^^^^^^^^^^^^^^^^^^^

warning: unused imports: `StrExt` and `ToSmolStr`
  --> /home/server/projects/taxon/crates/taxon_core/src/utils/asyncapi.rs:17:25
   |
17 | use smol_str::{SmolStr, StrExt, ToSmolStr};
   |                         ^^^^^^  ^^^^^^^^^

warning: unused imports: `Any`, `BTreeMap`, `BTreeSet`, `DefaultHasher`, `Hash`, `Hasher`, `LazyCell`, `OnceCell`, `fmt`, `sync::LazyLock`, and `type_name`
  --> /home/server/projects/taxon/crates/taxon_core/src/utils/asyncapi.rs:19:9
   |
19 |   any::{Any, type_name},
   |         ^^^  ^^^^^^^^^
20 |   cell::{LazyCell, OnceCell},
   |          ^^^^^^^^  ^^^^^^^^
21 |   collections::{BTreeMap, BTreeSet},
   |                 ^^^^^^^^  ^^^^^^^^
22 |   fmt,
   |   ^^^
23 |   fs::{self, write},
24 |   hash::{DefaultHasher, Hash, Hasher},
   |          ^^^^^^^^^^^^^  ^^^^  ^^^^^^
...
28 |   sync::LazyLock,
   |   ^^^^^^^^^^^^^^

warning: unused import: `color_eyre::owo_colors`
 --> /home/server/projects/taxon/crates/taxon_core/src/utils/logging.rs:1:5
  |
1 | use color_eyre::owo_colors;
  |     ^^^^^^^^^^^^^^^^^^^^^^

warning: unused import: `color_eyre::owo_colors::OwoColorize`
 --> /home/server/projects/taxon/crates/taxon_core/src/utils/logging.rs:2:5
  |
2 | use color_eyre::owo_colors::OwoColorize;
  |     ^^^^^^^^^^^^^^^^^^^^^^^^^^^^^^^^^^^

warning: unused imports: `env` and `str::FromStr`
 --> /home/server/projects/taxon/crates/taxon_core/src/utils/logging.rs:6:11
  |
6 | use std::{env, str::FromStr};
  |           ^^^  ^^^^^^^^^^^^

warning: unused import: `tracing::Level`
 --> /home/server/projects/taxon/crates/taxon_core/src/utils/logging.rs:7:5
  |
7 | use tracing::Level;
  |     ^^^^^^^^^^^^^^

warning: unused import: `tracing_subscriber::EnvFilter`
 --> /home/server/projects/taxon/crates/taxon_core/src/utils/logging.rs:8:5
  |
8 | use tracing_subscriber::EnvFilter;
  |     ^^^^^^^^^^^^^^^^^^^^^^^^^^^^^

warning: unused imports: `FmtSpan` and `self`
  --> /home/server/projects/taxon/crates/taxon_core/src/utils/logging.rs:10:39
   |
10 | use tracing_subscriber::fmt::format::{self, DefaultFields, FmtSpan};
   |                                       ^^^^                 ^^^^^^^

warning: unused imports: `DateTime`, `FixedOffset`, `TimeZone`, and `Utc`
  --> /home/server/projects/taxon/crates/taxon_core/src/variant.rs:26:14
   |
26 | use chrono::{DateTime, FixedOffset, Local, TimeZone, Utc};
   |              ^^^^^^^^  ^^^^^^^^^^^         ^^^^^^^^  ^^^

warning: unused imports: `SchemaGenerator`, `Schema`, and `schema_for`
  --> /home/server/projects/taxon/crates/taxon_core/src/variant.rs:27:28
   |
27 | use schemars::{JsonSchema, Schema, SchemaGenerator, schema_for};
   |                            ^^^^^^  ^^^^^^^^^^^^^^^  ^^^^^^^^^^

warning: unused import: `de::DeserializeOwned`
  --> /home/server/projects/taxon/crates/taxon_core/src/variant.rs:28:37
   |
28 | use serde::{Deserialize, Serialize, de::DeserializeOwned};
   |                                     ^^^^^^^^^^^^^^^^^^^^

warning: unused import: `serde_with::*`
  --> /home/server/projects/taxon/crates/taxon_core/src/variant.rs:30:5
   |
30 | use serde_with::*;
   |     ^^^^^^^^^^^^^

warning: unused imports: `SmolStr` and `StrExt`
  --> /home/server/projects/taxon/crates/taxon_core/src/variant.rs:31:16
   |
31 | use smol_str::{SmolStr, StrExt};
   |                ^^^^^^^  ^^^^^^

warning: unused import: `HashMap`
  --> /home/server/projects/taxon/crates/taxon_core/src/variant.rs:33:27
   |
33 |   collections::{BTreeMap, HashMap, HashSet},
   |                           ^^^^^^^

warning: variable does not need to be mutable
   --> /home/server/projects/taxon/crates/taxon_core/src/actors/ipc/http_actor.rs:109:30
    |
109 |       async fn handle_socket(mut socket: WebSocket, state: State<AppState>) {
    |                              ----^^^^^^
    |                              |
    |                              help: remove this `mut`
    |
    = note: `#[warn(unused_mut)]` (part of `#[warn(unused)]`) on by default

warning: variable does not need to be mutable
   --> /home/server/projects/taxon/crates/taxon_core/src/actors/ipc/http_actor.rs:114:13
    |
114 |         let mut user: Option<User> = None;
    |             ----^^^^
    |             |
    |             help: remove this `mut`

warning: variable does not need to be mutable
   --> /home/server/projects/taxon/crates/taxon_core/src/actors/ipc/http_actor.rs:160:21
    |
160 |                 let mut reply: IPCMessage<()> = IPCMessage::ActionReply {
    |                     ----^^^^^
    |                     |
    |                     help: remove this `mut`

warning: variable does not need to be mutable
   --> /home/server/projects/taxon/crates/taxon_core/src/actors/ipc/zmq_actors.rs:374:19
    |
374 |       if let Some(mut action) = msg_value["action"].as_object_mut() {
    |                   ----^^^^^^
    |                   |
    |                   help: remove this `mut`

warning: variable does not need to be mutable
   --> /home/server/projects/taxon/crates/taxon_core/src/actors/ipc/zmq_actors.rs:375:13
    |
375 |         let mut action_name = action.get("action_name").clone();
    |             ----^^^^^^^^^^^
    |             |
    |             help: remove this `mut`

warning: unused import: `Hasher`
  --> /home/server/projects/taxon/crates/taxon_core/src/actors/ipc/protocol.rs:55:31
   |
55 |   hash::{DefaultHasher, Hash, Hasher, RandomState},
   |                               ^^^^^^

warning: unused import: `colored_json::Paint`
  --> /home/server/projects/taxon/crates/taxon_core/src/actors/ipc/protocol.rs:33:5
   |
33 | use colored_json::Paint;
   |     ^^^^^^^^^^^^^^^^^^^

warning: unused import: `Casing`
  --> /home/server/projects/taxon/crates/taxon_core/src/actors/ipc/protocol.rs:43:26
   |
43 | use convert_case::{Case, Casing};
   |                          ^^^^^^

warning: unused import: `valuable::Valuable`
  --> /home/server/projects/taxon/crates/taxon_core/src/actors/ipc/protocol.rs:60:5
   |
60 | use valuable::Valuable;
   |     ^^^^^^^^^^^^^^^^^^

warning: unused import: `FutureExt`
  --> /home/server/projects/taxon/crates/taxon_core/src/actors/ipc/ipc_actor.rs:23:15
   |
23 | use futures::{FutureExt, future};
   |               ^^^^^^^^^

warning: unused import: `Actor`
  --> /home/server/projects/taxon/crates/taxon_core/src/actors/ipc/zmq_actors.rs:16:3
   |
16 |   Actor, ActorCell, ActorId, ActorProcessingErr, ActorRef, MessagingErr, OutputPort, RpcReplyPort,
   |   ^^^^^

warning: unused import: `FutureExt`
 --> /home/server/projects/taxon/crates/taxon_core/src/actors/access/mod.rs:2:15
  |
2 | use futures::{FutureExt, future};
  |               ^^^^^^^^^

warning: unused import: `std::hash::Hash`
  --> /home/server/projects/taxon/crates/taxon_core/src/actors/processing/mod.rs:10:5
   |
10 | use std::hash::Hash;
   |     ^^^^^^^^^^^^^^^

warning: unused variable: `err`
   --> /home/server/projects/taxon/crates/taxon_core/src/actors/ipc/http_actor.rs:540:15
    |
540 |           Err(err) => {}
    |               ^^^ help: if this is intentional, prefix it with an underscore: `_err`
    |
    = note: `#[warn(unused_variables)]` (part of `#[warn(unused)]`) on by default

warning: unused variable: `myself`
  --> /home/server/projects/taxon/crates/taxon_core/src/actors/ipc/http_actor.rs:89:12
   |
89 |     &self, myself: ActorRef<Self::Msg>, args: Self::Arguments,
   |            ^^^^^^ help: if this is intentional, prefix it with an underscore: `_myself`

warning: unused variable: `axum_handler`
   --> /home/server/projects/taxon/crates/taxon_core/src/actors/ipc/http_actor.rs:537:11
    |
537 |       let axum_handler = tokio::spawn(async move {
    |           ^^^^^^^^^^^^ help: if this is intentional, prefix it with an underscore: `_axum_handler`

warning: unused variable: `user`
   --> /home/server/projects/taxon/crates/taxon_core/src/actors/ipc/http_actor.rs:114:13
    |
114 |         let mut user: Option<User> = None;
    |             ^^^^^^^^ help: if this is intentional, prefix it with an underscore: `_user`

warning: unused variable: `t`
   --> /home/server/projects/taxon/crates/taxon_core/src/actors/ipc/http_actor.rs:121:15
    |
121 |               t = sleep.fuse() =>None,
    |               ^ help: if this is intentional, prefix it with an underscore: `_t`

warning: unused variable: `encoding`
   --> /home/server/projects/taxon/crates/taxon_core/src/actors/ipc/http_actor.rs:132:38
    |
132 |           if let Some(Ok((msg, peer, encoding))) = msg {
    |                                      ^^^^^^^^ help: if this is intentional, prefix it with an underscore: `_encoding`

warning: unused variable: `t`
   --> /home/server/projects/taxon/crates/taxon_core/src/actors/ipc/http_actor.rs:150:15
    |
150 |               t = sleep.fuse() =>None,
    |               ^ help: if this is intentional, prefix it with an underscore: `_t`

warning: unused variable: `frame`
   --> /home/server/projects/taxon/crates/taxon_core/src/actors/ipc/http_actor.rs:454:42
    |
454 |             } else if let Message::Close(frame) = msg {
    |                                          ^^^^^ help: if this is intentional, prefix it with an underscore: `_frame`

warning: unused variable: `user`
   --> /home/server/projects/taxon/crates/taxon_core/src/actors/ipc/http_actor.rs:455:45
    |
455 |               let Ok(CallResult::Success(Ok(user))) = state
    |                                             ^^^^ help: if this is intentional, prefix it with an underscore: `_user`

warning: value assigned to `from_user` is never read
   --> /home/server/projects/taxon/crates/taxon_core/src/actors/ipc/http_actor.rs:384:23
    |
384 |                       mut from_user,
    |                       ^^^^^^^^^^^^^
    |
    = help: maybe it is overwritten before being read?
    = note: `#[warn(unused_assignments)]` (part of `#[warn(unused)]`) on by default

warning: value assigned to `with_roles` is never read
   --> /home/server/projects/taxon/crates/taxon_core/src/actors/ipc/http_actor.rs:386:23
    |
386 |                       mut with_roles,
    |                       ^^^^^^^^^^^^^^
    |
    = help: maybe it is overwritten before being read?

warning: unused variable: `msg`
   --> /home/server/projects/taxon/crates/taxon_core/src/actors/ipc/http_actor.rs:560:9
    |
560 |         msg,
    |         ^^^ help: try ignoring the field: `msg: _`

warning: unused variable: `peer`
   --> /home/server/projects/taxon/crates/taxon_core/src/actors/ipc/http_actor.rs:561:9
    |
561 |         peer,
    |         ^^^^ help: try ignoring the field: `peer: _`

warning: unused variable: `encoding`
   --> /home/server/projects/taxon/crates/taxon_core/src/actors/ipc/http_actor.rs:562:9
    |
562 |         encoding,
    |         ^^^^^^^^ help: try ignoring the field: `encoding: _`

warning: unused variable: `action`
   --> /home/server/projects/taxon/crates/taxon_core/src/actors/ipc/ipc_actor.rs:145:11
    |
145 |           action,
    |           ^^^^^^ help: try ignoring the field: `action: _`

warning: unused variable: `guaranteed`
   --> /home/server/projects/taxon/crates/taxon_core/src/actors/ipc/ipc_actor.rs:147:11
    |
147 |           guaranteed,
    |           ^^^^^^^^^^ help: try ignoring the field: `guaranteed: _`

warning: unused variable: `send_at`
   --> /home/server/projects/taxon/crates/taxon_core/src/actors/ipc/ipc_actor.rs:148:11
    |
148 |           send_at,
    |           ^^^^^^^ help: try ignoring the field: `send_at: _`

warning: unused variable: `from_user`
   --> /home/server/projects/taxon/crates/taxon_core/src/actors/ipc/ipc_actor.rs:149:11
    |
149 |           from_user,
    |           ^^^^^^^^^ help: try ignoring the field: `from_user: _`

warning: unused variable: `from_module`
   --> /home/server/projects/taxon/crates/taxon_core/src/actors/ipc/ipc_actor.rs:150:11
    |
150 |           from_module,
    |           ^^^^^^^^^^^ help: try ignoring the field: `from_module: _`

warning: unused variable: `with_roles`
   --> /home/server/projects/taxon/crates/taxon_core/src/actors/ipc/ipc_actor.rs:151:11
    |
151 |           with_roles,
    |           ^^^^^^^^^^ help: try ignoring the field: `with_roles: _`

warning: unused variable: `in_group`
   --> /home/server/projects/taxon/crates/taxon_core/src/actors/ipc/ipc_actor.rs:152:11
    |
152 |           in_group,
    |           ^^^^^^^^ help: try ignoring the field: `in_group: _`

warning: unused variable: `in_process`
   --> /home/server/projects/taxon/crates/taxon_core/src/actors/ipc/ipc_actor.rs:153:11
    |
153 |           in_process,
    |           ^^^^^^^^^^ help: try ignoring the field: `in_process: _`

warning: unused variable: `in_device`
   --> /home/server/projects/taxon/crates/taxon_core/src/actors/ipc/ipc_actor.rs:154:11
    |
154 |           in_device,
    |           ^^^^^^^^^ help: try ignoring the field: `in_device: _`

warning: unused variable: `for_module`
   --> /home/server/projects/taxon/crates/taxon_core/src/actors/ipc/ipc_actor.rs:155:11
    |
155 |           for_module,
    |           ^^^^^^^^^^ help: try ignoring the field: `for_module: _`

warning: unused variable: `for_user`
   --> /home/server/projects/taxon/crates/taxon_core/src/actors/ipc/ipc_actor.rs:156:11
    |
156 |           for_user,
    |           ^^^^^^^^ help: try ignoring the field: `for_user: _`

warning: unused variable: `port`
   --> /home/server/projects/taxon/crates/taxon_core/src/actors/ipc/ipc_actor.rs:184:30
    |
184 |       IPCActorMsg::Subscribe(port) => write!(f, "IPCActorMessage::Subscribe"),
    |                              ^^^^ help: if this is intentional, prefix it with an underscore: `_port`

warning: unused variable: `myself`
   --> /home/server/projects/taxon/crates/taxon_core/src/actors/ipc/ipc_actor.rs:197:12
    |
197 |     &self, myself: ActorRef<Option<Self::Msg>>, msg: Option<Self::Msg>,
    |            ^^^^^^ help: if this is intentional, prefix it with an underscore: `_myself`

warning: unused variable: `handle`
   --> /home/server/projects/taxon/crates/taxon_core/src/actors/ipc/ipc_actor.rs:405:22
    |
405 |       Ok((actor_ref, handle)) => {
    |                      ^^^^^^ help: if this is intentional, prefix it with an underscore: `_handle`

warning: unused variable: `encoding`
   --> /home/server/projects/taxon/crates/taxon_core/src/actors/ipc/ipc_actor.rs:426:5
    |
426 |     encoding: Option<IPCMsgEncoding>, peer: Option<Uuid>,
    |     ^^^^^^^^ help: if this is intentional, prefix it with an underscore: `_encoding`

warning: unused variable: `t`
   --> /home/server/projects/taxon/crates/taxon_core/src/actors/ipc/zmq_actors.rs:303:7
    |
303 |       t = sleep.fuse() => ZmqResult::<ZmqMessage>::Err(ZmqError::NoMessage),
    |       ^ help: if this is intentional, prefix it with an underscore: `_t`

warning: unused variable: `err`
   --> /home/server/projects/taxon/crates/taxon_core/src/actors/ipc/zmq_actors.rs:306:9
    |
306 |     Err(err) => {
    |         ^^^ help: if this is intentional, prefix it with an underscore: `_err`

warning: variable does not need to be mutable
   --> /home/server/projects/taxon/crates/taxon_core/src/actors/access/mod.rs:195:25
    |
195 |             if let Some(mut user) = state.users.get_mut(&login) {
    |                         ----^^^^
    |                         |
    |                         help: remove this `mut`

warning: unused variable: `myself`
   --> /home/server/projects/taxon/crates/taxon_core/src/actors/access/mod.rs:149:5
    |
149 |     myself: ActorRef<Self::Msg>,
    |     ^^^^^^ help: if this is intentional, prefix it with an underscore: `_myself`

warning: unused variable: `list`
   --> /home/server/projects/taxon/crates/taxon_core/src/actors/access/mod.rs:268:44
    |
268 |       AccessActorMsg::UserList(session_id, list, reply) => {
    |                                            ^^^^ help: if this is intentional, prefix it with an underscore: `_list`

warning: unused variable: `session_id`
   --> /home/server/projects/taxon/crates/taxon_core/src/actors/access/mod.rs:292:31
    |
292 |       AccessActorMsg::UserGet(session_id, list, reply) => {
    |                               ^^^^^^^^^^ help: if this is intentional, prefix it with an underscore: `_session_id`

warning: unused variable: `list`
   --> /home/server/projects/taxon/crates/taxon_core/src/actors/access/mod.rs:292:43
    |
292 |       AccessActorMsg::UserGet(session_id, list, reply) => {
    |                                           ^^^^ help: if this is intentional, prefix it with an underscore: `_list`

warning: unused variable: `reply`
   --> /home/server/projects/taxon/crates/taxon_core/src/actors/access/mod.rs:292:49
    |
292 |       AccessActorMsg::UserGet(session_id, list, reply) => {
    |                                                 ^^^^^ help: if this is intentional, prefix it with an underscore: `_reply`

warning: unused variable: `session_id`
   --> /home/server/projects/taxon/crates/taxon_core/src/actors/access/mod.rs:303:34
    |
303 |       AccessActorMsg::UserUpdate(session_id, update, reply) => {
    |                                  ^^^^^^^^^^ help: if this is intentional, prefix it with an underscore: `_session_id`

warning: unused variable: `update`
   --> /home/server/projects/taxon/crates/taxon_core/src/actors/access/mod.rs:303:46
    |
303 |       AccessActorMsg::UserUpdate(session_id, update, reply) => {
    |                                              ^^^^^^ help: if this is intentional, prefix it with an underscore: `_update`

warning: unused variable: `reply`
   --> /home/server/projects/taxon/crates/taxon_core/src/actors/access/mod.rs:303:54
    |
303 |       AccessActorMsg::UserUpdate(session_id, update, reply) => {
    |                                                      ^^^^^ help: if this is intentional, prefix it with an underscore: `_reply`

warning: unused variable: `session_id`
   --> /home/server/projects/taxon/crates/taxon_core/src/actors/access/mod.rs:320:34
    |
320 |       AccessActorMsg::UserDelete(session_id, delete, reply) => {
    |                                  ^^^^^^^^^^ help: if this is intentional, prefix it with an underscore: `_session_id`

warning: unused variable: `delete`
   --> /home/server/projects/taxon/crates/taxon_core/src/actors/access/mod.rs:320:46
    |
320 |       AccessActorMsg::UserDelete(session_id, delete, reply) => {
    |                                              ^^^^^^ help: if this is intentional, prefix it with an underscore: `_delete`

warning: unused variable: `reply`
   --> /home/server/projects/taxon/crates/taxon_core/src/actors/access/mod.rs:320:54
    |
320 |       AccessActorMsg::UserDelete(session_id, delete, reply) => {
    |                                                      ^^^^^ help: if this is intentional, prefix it with an underscore: `_reply`

warning: unused variable: `session_id`
   --> /home/server/projects/taxon/crates/taxon_core/src/actors/access/mod.rs:332:39
    |
332 |       AccessActorMsg::AccessEventList(session_id, list, reply) => {
    |                                       ^^^^^^^^^^ help: if this is intentional, prefix it with an underscore: `_session_id`

warning: unused variable: `list`
   --> /home/server/projects/taxon/crates/taxon_core/src/actors/access/mod.rs:332:51
    |
332 |       AccessActorMsg::AccessEventList(session_id, list, reply) => {
    |                                                   ^^^^ help: if this is intentional, prefix it with an underscore: `_list`

warning: unused variable: `reply`
   --> /home/server/projects/taxon/crates/taxon_core/src/actors/access/mod.rs:332:57
    |
332 |       AccessActorMsg::AccessEventList(session_id, list, reply) => {
    |                                                         ^^^^^ help: if this is intentional, prefix it with an underscore: `_reply`

warning: unused variable: `myself`
   --> /home/server/projects/taxon/crates/taxon_core/src/actors/access/mod.rs:343:5
    |
343 |     myself: ActorRef<Self::Msg>,
    |     ^^^^^^ help: if this is intentional, prefix it with an underscore: `_myself`

warning: unused variable: `version`
   --> /home/server/projects/taxon/crates/taxon_core/src/actors/module/actor.rs:116:11
    |
116 |           version,
    |           ^^^^^^^ help: try ignoring the field: `version: _`

warning: unused variable: `config_path`
   --> /home/server/projects/taxon/crates/taxon_core/src/actors/module/actor.rs:120:15
    |
120 |               config_path,
    |               ^^^^^^^^^^^ help: try ignoring the field: `config_path: _`

warning: unused variable: `data_path`
   --> /home/server/projects/taxon/crates/taxon_core/src/actors/module/actor.rs:121:15
    |
121 |               data_path,
    |               ^^^^^^^^^ help: try ignoring the field: `data_path: _`

warning: unused variable: `log_level`
   --> /home/server/projects/taxon/crates/taxon_core/src/actors/module/actor.rs:127:15
    |
127 |               log_level,
    |               ^^^^^^^^^ help: try ignoring the field: `log_level: _`

warning: unused variable: `log_format_json`
   --> /home/server/projects/taxon/crates/taxon_core/src/actors/module/actor.rs:128:15
    |
128 |               log_format_json,
    |               ^^^^^^^^^^^^^^^ help: try ignoring the field: `log_format_json: _`

warning: unused variable: `sections`
   --> /home/server/projects/taxon/crates/taxon_core/src/actors/module/actor.rs:129:15
    |
129 |               sections,
    |               ^^^^^^^^ help: try ignoring the field: `sections: _`

warning: unused variable: `res`
   --> /home/server/projects/taxon/crates/taxon_core/src/actors/module/actor.rs:189:15
    |
189 |           let res:Result<(),ModuleError> =futures::select! {
    |               ^^^ help: if this is intentional, prefix it with an underscore: `_res`

warning: unused variable: `myself`
   --> /home/server/projects/taxon/crates/taxon_core/src/actors/module/actor.rs:252:12
    |
252 |     &self, myself: ActorRef<Self::Msg>, msg: Self::Msg, state: &mut Self::State,
    |            ^^^^^^ help: if this is intentional, prefix it with an underscore: `_myself`

warning: unused variable: `myself`
   --> /home/server/projects/taxon/crates/taxon_core/src/actors/module/actor.rs:268:12
    |
268 |     &self, myself: ActorRef<Self::Msg>, state: Module,
    |            ^^^^^^ help: if this is intentional, prefix it with an underscore: `_myself`

warning: unused variable: `er`
   --> /home/server/projects/taxon/crates/taxon_core/src/actors/module/types.rs:142:11
    |
142 |       Err(er) => {
    |           ^^ help: if this is intentional, prefix it with an underscore: `_er`

warning: unused variable: `myself`
  --> /home/server/projects/taxon/crates/taxon_core/src/actors/processing/mod.rs:83:5
   |
83 |     myself: ActorRef<Option<Self::Msg>>,
   |     ^^^^^^ help: if this is intentional, prefix it with an underscore: `_myself`

warning: unused variable: `state`
  --> /home/server/projects/taxon/crates/taxon_core/src/actors/processing/mod.rs:84:5
   |
84 |     state: &mut ProcessState<Self::Msg, Self::State>,
   |     ^^^^^ help: if this is intentional, prefix it with an underscore: `_state`

warning: unused variable: `myself`
  --> /home/server/projects/taxon/crates/taxon_core/src/actors/processing/mod.rs:90:5
   |
90 |     myself: ActorRef<Option<Self::Msg>>,
   |     ^^^^^^ help: if this is intentional, prefix it with an underscore: `_myself`

warning: unused variable: `state`
  --> /home/server/projects/taxon/crates/taxon_core/src/actors/processing/mod.rs:91:5
   |
91 |     state: &mut ProcessState<Self::Msg, Self::State>,
   |     ^^^^^ help: if this is intentional, prefix it with an underscore: `_state`

warning: unused variable: `name`
  --> /home/server/projects/taxon/crates/taxon_core/src/actors/processing/mod.rs:97:5
   |
97 |     name: Option<ActorName>,
   |     ^^^^ help: if this is intentional, prefix it with an underscore: `_name`

warning: unused variable: `myself`
  --> /home/server/projects/taxon/crates/taxon_core/src/actors/storage/actor.rs:63:5
   |
63 |     myself: ActorRef<Self::Msg>,
   |     ^^^^^^ help: if this is intentional, prefix it with an underscore: `_myself`

warning: unused variable: `msg`
  --> /home/server/projects/taxon/crates/taxon_core/src/actors/storage/actor.rs:64:5
   |
64 |     msg: Self::Msg,
   |     ^^^ help: if this is intentional, prefix it with an underscore: `_msg`

warning: unused variable: `state`
  --> /home/server/projects/taxon/crates/taxon_core/src/actors/storage/actor.rs:65:5
   |
65 |     state: &mut Self::State,
   |     ^^^^^ help: if this is intentional, prefix it with an underscore: `_state`

warning: unused variable: `myself`
  --> /home/server/projects/taxon/crates/taxon_core/src/actors/storage/actor.rs:71:5
   |
71 |     myself: ActorRef<Self::Msg>,
   |     ^^^^^^ help: if this is intentional, prefix it with an underscore: `_myself`

warning: unused variable: `severity`
   --> /home/server/projects/taxon/crates/taxon_core/src/infrastructure/device.rs:206:43
    |
206 |       FacilityEventRule::LimitsExceeded { severity, .. } => None,
    |                                           ^^^^^^^^ help: try ignoring the field: `severity: _`

warning: unused variable: `err`
   --> /home/server/projects/taxon/crates/taxon_core/src/infrastructure/device.rs:387:68
    |
387 |       .map(|v| serde_json::from_value::<T>(v.clone()).map_or_else(|err| None, |v| Some(v)))?
    |                                                                    ^^^ help: if this is intentional, prefix it with an underscore: `_err`

warning: unused variable: `is_router`
   --> /home/server/projects/taxon/crates/taxon_core/src/utils/asyncapi.rs:571:55
    |
571 |   pub fn ws_server(mut self, name: impl Into<String>, is_router: bool) -> Self {
    |                                                       ^^^^^^^^^ help: if this is intentional, prefix it with an underscore: `_is_router`

warning: variable does not need to be mutable
   --> /home/server/projects/taxon/crates/taxon_core/src/utils/asyncapi.rs:628:26
    |
628 |   pub fn commit_bindings(mut self, path: impl Into<PathBuf>) -> Result<(), anyhow::Error> {
    |                          ----^^^^
    |                          |
    |                          help: remove this `mut`

warning: variable does not need to be mutable
   --> /home/server/projects/taxon/crates/taxon_core/src/utils/asyncapi.rs:633:9
    |
633 |     let mut ipc_schema = schema_for!(IPCMessage<()>).to_value();
    |         ----^^^^^^^^^^
    |         |
    |         help: remove this `mut`

warning: unused variable: `err`
   --> /home/server/projects/taxon/crates/taxon_core/src/utils/asyncapi.rs:763:15
    |
763 |     .or_else(|err| std::env::var("PATH"))
    |               ^^^ help: if this is intentional, prefix it with an underscore: `_err`

warning: unused variable: `f`
   --> /home/server/projects/taxon/crates/taxon_core/src/utils/logging.rs:138:24
    |
138 |       .map_fmt_fields(|f| DefaultFields::new().debug_alt().delimited("\n"))
    |                        ^ help: if this is intentional, prefix it with an underscore: `_f`

warning: unused variable: `with_ui`
  --> /home/server/projects/taxon/crates/taxon_core/src/utils/logging.rs:75:50
   |
75 | pub fn init_logging(level: LogLevel, json: bool, with_ui: bool) {
   |                                                  ^^^^^^^ help: if this is intentional, prefix it with an underscore: `_with_ui`

warning: unused variable: `binary_name`
  --> /home/server/projects/taxon/crates/taxon_core/src/utils/logging.rs:77:7
   |
77 |   let binary_name = exe_path
   |       ^^^^^^^^^^^ help: if this is intentional, prefix it with an underscore: `_binary_name`

warning: unused variable: `v2`
   --> /home/server/projects/taxon/crates/taxon_core/src/variant.rs:216:21
    |
216 |         Self::Float(v2) => None,
    |                     ^^ help: if this is intentional, prefix it with an underscore: `_v2`

warning: unused variable: `v2`
   --> /home/server/projects/taxon/crates/taxon_core/src/variant.rs:217:22
    |
217 |         Self::Double(v2) => None,
    |                      ^^ help: if this is intentional, prefix it with an underscore: `_v2`

warning: unused variable: `v2`
   --> /home/server/projects/taxon/crates/taxon_core/src/variant.rs:241:21
    |
241 |         Self::Float(v2) => false,
    |                     ^^ help: if this is intentional, prefix it with an underscore: `_v2`

warning: unused variable: `v2`
   --> /home/server/projects/taxon/crates/taxon_core/src/variant.rs:242:22
    |
242 |         Self::Double(v2) => false,
    |                      ^^ help: if this is intentional, prefix it with an underscore: `_v2`

warning: function cannot return without recursing
   --> /home/server/projects/taxon/crates/taxon_core/src/variant.rs:252:3
    |
252 |   fn hash<H: Hasher>(&self, state: &mut H) {
    |   ^^^^^^^^^^^^^^^^^^^^^^^^^^^^^^^^^^^^^^^^ cannot return without recursing
253 |     self.hash(state)
    |     ---------------- recursive call site
    |
    = help: a `loop` may express intention better if this is on purpose
    = note: `#[warn(unconditional_recursion)]` on by default

warning: function `default_true` is never used
   --> /home/server/projects/taxon/crates/taxon_core/src/actors/ipc/protocol.rs:323:4
    |
323 | fn default_true() -> bool {
    |    ^^^^^^^^^^^^
    |
    = note: `#[warn(dead_code)]` (part of `#[warn(unused)]`) on by default

warning: function `bool_is_false` is never used
   --> /home/server/projects/taxon/crates/taxon_core/src/actors/ipc/protocol.rs:326:4
    |
326 | fn bool_is_false(value: &bool) -> bool {
    |    ^^^^^^^^^^^^^

warning: fields `args` and `access_log` are never read
   --> /home/server/projects/taxon/crates/taxon_core/src/actors/access/mod.rs:136:3
    |
135 | pub struct AccessActorState {
    |            ---------------- fields in this struct
136 |   args: AccessActorArgs,
    |   ^^^^
...
139 |   access_log: Vec<AccessEvent>,
    |   ^^^^^^^^^^

warning: associated function `get_module_info` is never used
   --> /home/server/projects/taxon/crates/taxon_core/src/actors/module/actor.rs:231:12
    |
230 | impl ModuleActor {
    | ---------------- associated function in this implementation
231 |   async fn get_module_info() -> Result<Module, ()> {
    |            ^^^^^^^^^^^^^^^

warning: fields `data_path`, `fixture_path`, and `mode` are never read
  --> /home/server/projects/taxon/crates/taxon_core/src/actors/storage/actor.rs:40:3
   |
39 | pub struct StorageArgs {
   |            ----------- fields in this struct
40 |   data_path: PathBuf,
   |   ^^^^^^^^^
41 |   fixture_path: Option<PathBuf>,
   |   ^^^^^^^^^^^^
42 |   mode: StorageMode,
   |   ^^^^

warning: fields `args`, `keyspaces`, and `vars` are never read
  --> /home/server/projects/taxon/crates/taxon_core/src/actors/storage/actor.rs:46:3
   |
45 | pub struct StorageState {
   |            ------------ fields in this struct
46 |   args: StorageArgs,
   |   ^^^^
47 |   keyspaces: HashSet<SmolStr>,
   |   ^^^^^^^^^
48 |   vars: BTreeMap<SmolStr, Value>,
   |   ^^^^

warning: method `set_ext` is never used
   --> /home/server/projects/taxon/crates/taxon_core/src/utils/asyncapi.rs:587:6
    |
504 | impl AsyncapiBuilder {
    | -------------------- method in this implementation
...
587 |   fn set_ext<T: Into<String>>(mut self, ext: T) -> Self {
    |      ^^^^^^^

warning: function `copy_dir_all` is never used
  --> /home/server/projects/taxon/crates/taxon_core/src/utils/os.rs:43:4
   |
43 | fn copy_dir_all(src: impl AsRef<Path>, dst: impl AsRef<Path>) -> io::Result<()> {
   |    ^^^^^^^^^^^^

warning: unused `Result` that must be used
   --> /home/server/projects/taxon/crates/taxon_core/src/actors/ipc/http_actor.rs:167:17
    |
167 | /                 sender
168 | |                   .send(Message::Text(Utf8Bytes::from(
169 | |                     serde_json::to_string(&reply).unwrap(),
170 | |                   )))
171 | |                   .await;
    | |________________________^
    |
    = note: this `Result` may be an `Err` variant, which should be handled
    = note: `#[warn(unused_must_use)]` (part of `#[warn(unused)]`) on by default
help: use `let _ = ...` to ignore the resulting value
    |
167 |                 let _ = sender
    |                 +++++++

warning: unused `Result` that must be used
   --> /home/server/projects/taxon/crates/taxon_core/src/actors/ipc/http_actor.rs:203:25
    |
203 | /                         sender
204 | |                           .send(Message::Text(Utf8Bytes::from(
205 | |                             serde_json::to_string(&reply).unwrap(),
206 | |                           )))
207 | |                           .await;
    | |________________________________^
    |
    = note: this `Result` may be an `Err` variant, which should be handled
help: use `let _ = ...` to ignore the resulting value
    |
203 |                         let _ = sender
    |                         +++++++

warning: unused `Result` that must be used
   --> /home/server/projects/taxon/crates/taxon_core/src/actors/ipc/http_actor.rs:230:25
    |
230 | /                         sender
231 | |                           .send(Message::Text(Utf8Bytes::from(
232 | |                             serde_json::to_string(&reply).unwrap(),
233 | |                           )))
234 | |                           .await;
    | |________________________________^
    |
    = note: this `Result` may be an `Err` variant, which should be handled
help: use `let _ = ...` to ignore the resulting value
    |
230 |                         let _ = sender
    |                         +++++++

warning: unused `Result` that must be used
   --> /home/server/projects/taxon/crates/taxon_core/src/actors/ipc/http_actor.rs:243:23
    |
243 | /                       sender
244 | |                         .send(Message::Text(Utf8Bytes::from(
245 | |                           serde_json::to_string(&reply).unwrap(),
246 | |                         )))
247 | |                         .await;
    | |______________________________^
    |
    = note: this `Result` may be an `Err` variant, which should be handled
help: use `let _ = ...` to ignore the resulting value
    |
243 |                       let _ = sender
    |                       +++++++

warning: unused `Result` that must be used
   --> /home/server/projects/taxon/crates/taxon_core/src/actors/ipc/http_actor.rs:298:25
    |
298 | /                         sender
299 | |                           .send(Message::Text(Utf8Bytes::from(
300 | |                             serde_json::to_string(&reply).unwrap(),
301 | |                           )))
302 | |                           .await;
    | |________________________________^
    |
    = note: this `Result` may be an `Err` variant, which should be handled
help: use `let _ = ...` to ignore the resulting value
    |
298 |                         let _ = sender
    |                         +++++++

warning: unused `Result` that must be used
   --> /home/server/projects/taxon/crates/taxon_core/src/actors/ipc/http_actor.rs:311:23
    |
311 | /                       sender
312 | |                         .send(Message::Text(Utf8Bytes::from(
313 | |                           serde_json::to_string(&reply).unwrap(),
314 | |                         )))
315 | |                         .await;
    | |______________________________^
    |
    = note: this `Result` may be an `Err` variant, which should be handled
help: use `let _ = ...` to ignore the resulting value
    |
311 |                       let _ = sender
    |                       +++++++

warning: unused `Result` that must be used
   --> /home/server/projects/taxon/crates/taxon_core/src/actors/ipc/http_actor.rs:345:27
    |
345 | /                           sender
346 | |                             .send(Message::Text(Utf8Bytes::from(
347 | |                               serde_json::to_string(&reply).unwrap(),
348 | |                             )))
349 | |                             .await;
    | |__________________________________^
    |
    = note: this `Result` may be an `Err` variant, which should be handled
help: use `let _ = ...` to ignore the resulting value
    |
345 |                           let _ = sender
    |                           +++++++

warning: unused `Result` that must be used
   --> /home/server/projects/taxon/crates/taxon_core/src/actors/ipc/http_actor.rs:359:27
    |
359 | /                           sender
360 | |                             .send(Message::Text(Utf8Bytes::from(
361 | |                               serde_json::to_string(&reply).unwrap(),
362 | |                             )))
363 | |                             .await;
    | |__________________________________^
    |
    = note: this `Result` may be an `Err` variant, which should be handled
help: use `let _ = ...` to ignore the resulting value
    |
359 |                           let _ = sender
    |                           +++++++

warning: unused `Result` that must be used
   --> /home/server/projects/taxon/crates/taxon_core/src/actors/ipc/http_actor.rs:557:9
    |
557 |         state.0.send((msg, peer, encoding));
    |         ^^^^^^^^^^^^^^^^^^^^^^^^^^^^^^^^^^^
    |
    = note: this `Result` may be an `Err` variant, which should be handled
help: use `let _ = ...` to ignore the resulting value
    |
557 |         let _ = state.0.send((msg, peer, encoding));
    |         +++++++

warning: unused `Result` that must be used
   --> /home/server/projects/taxon/crates/taxon_core/src/actors/ipc/ipc_actor.rs:237:13
    |
237 | /             state
238 | |               .pstate
239 | |               .zmq_actor
240 | |               .as_ref()
...   |
245 | |                 encoding: msg_crate.encoding,
246 | |               }));
    | |_________________^
    |
    = note: this `Result` may be an `Err` variant, which should be handled
help: use `let _ = ...` to ignore the resulting value
    |
237 |             let _ = state
    |             +++++++

warning: unused `Result` that must be used
   --> /home/server/projects/taxon/crates/taxon_core/src/actors/ipc/ipc_actor.rs:259:11
    |
259 | /           state
260 | |             .pstate
261 | |             .http_actor
262 | |             .as_ref()
...   |
267 | |               encoding: msg_crate.encoding,
268 | |             });
    | |______________^
    |
    = note: this `Result` may be an `Err` variant, which should be handled
help: use `let _ = ...` to ignore the resulting value
    |
259 |           let _ = state
    |           +++++++

warning: unused `Result` that must be used
   --> /home/server/projects/taxon/crates/taxon_core/src/actors/ipc/ipc_actor.rs:279:13
    |
279 | /             state
280 | |               .pstate
281 | |               .zmq_actor
282 | |               .as_ref()
...   |
287 | |                 encoding: msg_crate.encoding,
288 | |               }));
    | |_________________^
    |
    = note: this `Result` may be an `Err` variant, which should be handled
help: use `let _ = ...` to ignore the resulting value
    |
279 |             let _ = state
    |             +++++++

warning: `taxon-core` (lib) generated 247 warnings (run `cargo fix --lib -p taxon-core` to apply 216 suggestions)
warning: unused import: `EventRuleCreateArgs`
 --> src/msg_def.rs:3:56
  |
3 | use crate::msges::event_rule_create::{EventRuleCreate, EventRuleCreateArgs};
  |                                                        ^^^^^^^^^^^^^^^^^^^
  |
  = note: `#[warn(unused_imports)]` (part of `#[warn(unused)]`) on by default

warning: unused import: `ProductDeleteArgs`
  --> src/msg_def.rs:13:51
   |
13 | use crate::msges::product_delete::{ProductDelete, ProductDeleteArgs};
   |                                                   ^^^^^^^^^^^^^^^^^

warning: unused variable: `err`
   --> src/actors/ipc_handler.rs:971:31
    |
971 |                     .map_err(|err| {
    |                               ^^^ help: if this is intentional, prefix it with an underscore: `_err`
    |
    = note: `#[warn(unused_variables)]` (part of `#[warn(unused)]`) on by default

warning: unused variable: `err`
   --> src/actors/ipc_handler.rs:963:21
    |
963 |                 Err(err) => {
    |                     ^^^ help: if this is intentional, prefix it with an underscore: `_err`

warning: `ikm-controller` (bin "ikm-controller") generated 4 warnings (run `cargo fix --bin "ikm-controller" -p ikm-controller` to apply 4 suggestions)
    Finished `dev` profile [unoptimized + debuginfo] target(s) in 0.19s
     Running `target/debug/ikm-controller`
[2m2026-02-18T11:13:04.233129Z[0m [32m INFO[0m [1mActor[0m[1m{[0m[3mid[0m[2m=[0m"0.2"[1m}[0m[2m:[0m[1mActor[0m[1m{[0m[3mid[0m[2m=[0m"0.4"
 [3mname[0m[2m=[0m"HttpActor"[1m}[0m[2m:[0m [2mtaxon_core::actors::ipc::http_actor[0m[2m:[0m Try start on address:'0.0.0.0:3001'
[2m2026-02-18T11:13:04.233477Z[0m [32m INFO[0m [1mActor[0m[1m{[0m[3mid[0m[2m=[0m"0.2"[1m}[0m[2m:[0m[1mActor[0m[1m{[0m[3mid[0m[2m=[0m"0.4"
 [3mname[0m[2m=[0m"HttpActor"[1m}[0m[2m:[0m [2mtaxon_core::actors::ipc::http_actor[0m[2m:[0m Started, listen on:
  - http://127.0.0.1:3001
  - http://192.168.10.85:3001
  - http://192.168.10.84:3001
  - http://::1:3001
[2m2026-02-18T11:13:04.233522Z[0m [32m INFO[0m [2mtaxon_core::actors::module::actor[0m[2m:[0m 
┌───────────────────────────────────────────────────────────────────────────┐
│                   🚀 Модуль ikm-controller активирован                    │
│     «Клеммы закреплены — пусть поток данных потечёт по венам линии.»      │
└───────────────────────────────────────────────────────────────────────────┘
[2m2026-02-18T11:13:04.233741Z[0m [32m INFO[0m [2mikm_controller[0m[2m:[0m Настройки ModBus загружены!
[2m2026-02-18T11:13:04.233761Z[0m [32m INFO[0m [1mActor[0m[1m{[0m[3mid[0m[2m=[0m"0.5"
 [3mname[0m[2m=[0m"ModbusFabric"[1m}[0m[2m:[0m [2mikm_controller::actors::modbus::modbus_fabric[0m[2m:[0m ModBusFabric запущен
[2m2026-02-18T11:13:04.233793Z[0m [32m INFO[0m [1mActor[0m[1m{[0m[3mid[0m[2m=[0m"0.7"
 [3mname[0m[2m=[0m"KmhIpcHandler"[1m}[0m[2m:[0m [2mikm_controller::actors::ipc_kmh_handler[0m[2m:[0m KmhIpcHandler запущен
[2m2026-02-18T11:13:04.233813Z[0m [32m INFO[0m [1mActor[0m[1m{[0m[3mid[0m[2m=[0m"0.8"
 [3mname[0m[2m=[0m"ClientIpcHandler"[1m}[0m[2m:[0m [2mikm_controller::actors::ipc_handler[0m[2m:[0m Modbus IPC_Handler запущен
[2m2026-02-18T11:13:04.233830Z[0m [32m INFO[0m [1mActor[0m[1m{[0m[3mid[0m[2m=[0m"0.9"
 [3mname[0m[2m=[0m"TankCalcActor"[1m}[0m[2m:[0m [2mikm_controller::actors::tank_calc[0m[2m:[0m TankCalc запущен
[2m2026-02-18T11:13:09.182826Z[0m [34mDEBUG[0m [1mrequest[0m[1m{[0m[3mmethod[0m[2m=[0mGET
 [3muri[0m[2m=[0m/
 [3mversion[0m[2m=[0mHTTP/1.1[1m}[0m[2m:[0m [2mtower_http::trace::on_request[0m[2m:[0m started processing request
[2m2026-02-18T11:13:09.183001Z[0m [34mDEBUG[0m [1mrequest[0m[1m{[0m[3mmethod[0m[2m=[0mGET
 [3muri[0m[2m=[0m/
 [3mversion[0m[2m=[0mHTTP/1.1[1m}[0m[2m:[0m [2mtower_http::trace::on_response[0m[2m:[0m finished processing request
 [3mlatency[0m[2m=[0m0 ms
 [3mstatus[0m[2m=[0m200
[2m2026-02-18T11:13:09.322792Z[0m [34mDEBUG[0m [1mrequest[0m[1m{[0m[3mmethod[0m[2m=[0mGET
 [3muri[0m[2m=[0m/styles.7a1a13b4e05edb78.css
 [3mversion[0m[2m=[0mHTTP/1.1[1m}[0m[2m:[0m [2mtower_http::trace::on_request[0m[2m:[0m started processing request
[2m2026-02-18T11:13:09.322892Z[0m [34mDEBUG[0m [1mrequest[0m[1m{[0m[3mmethod[0m[2m=[0mGET
 [3muri[0m[2m=[0m/styles.7a1a13b4e05edb78.css
 [3mversion[0m[2m=[0mHTTP/1.1[1m}[0m[2m:[0m [2mtower_http::trace::on_response[0m[2m:[0m finished processing request
 [3mlatency[0m[2m=[0m0 ms
 [3mstatus[0m[2m=[0m200
[2m2026-02-18T11:13:09.351108Z[0m [34mDEBUG[0m [1mrequest[0m[1m{[0m[3mmethod[0m[2m=[0mGET
 [3muri[0m[2m=[0m/Inter-Regular.358200361080fccb.woff2
 [3mversion[0m[2m=[0mHTTP/1.1[1m}[0m[2m:[0m [2mtower_http::trace::on_request[0m[2m:[0m started processing request
[2m2026-02-18T11:13:09.351200Z[0m [34mDEBUG[0m [1mrequest[0m[1m{[0m[3mmethod[0m[2m=[0mGET
 [3muri[0m[2m=[0m/polyfills.51335943bfb38999.js
 [3mversion[0m[2m=[0mHTTP/1.1[1m}[0m[2m:[0m [2mtower_http::trace::on_request[0m[2m:[0m started processing request
[2m2026-02-18T11:13:09.351205Z[0m [34mDEBUG[0m [1mrequest[0m[1m{[0m[3mmethod[0m[2m=[0mGET
 [3muri[0m[2m=[0m/runtime.107f3da347f322c1.js
 [3mversion[0m[2m=[0mHTTP/1.1[1m}[0m[2m:[0m [2mtower_http::trace::on_request[0m[2m:[0m started processing request
[2m2026-02-18T11:13:09.351211Z[0m [34mDEBUG[0m [1mrequest[0m[1m{[0m[3mmethod[0m[2m=[0mGET
 [3muri[0m[2m=[0m/Inter-Regular.358200361080fccb.woff2
 [3mversion[0m[2m=[0mHTTP/1.1[1m}[0m[2m:[0m [2mtower_http::trace::on_response[0m[2m:[0m finished processing request
 [3mlatency[0m[2m=[0m0 ms
 [3mstatus[0m[2m=[0m200
[2m2026-02-18T11:13:09.351232Z[0m [34mDEBUG[0m [1mrequest[0m[1m{[0m[3mmethod[0m[2m=[0mGET
 [3muri[0m[2m=[0m/vendor.fb62bd4c33c5d68c.js
 [3mversion[0m[2m=[0mHTTP/1.1[1m}[0m[2m:[0m [2mtower_http::trace::on_request[0m[2m:[0m started processing request
[2m2026-02-18T11:13:09.351344Z[0m [34mDEBUG[0m [1mrequest[0m[1m{[0m[3mmethod[0m[2m=[0mGET
 [3muri[0m[2m=[0m/main.0b661d0d7a7a9466.js
 [3mversion[0m[2m=[0mHTTP/1.1[1m}[0m[2m:[0m [2mtower_http::trace::on_request[0m[2m:[0m started processing request
[2m2026-02-18T11:13:09.351536Z[0m [34mDEBUG[0m [1mrequest[0m[1m{[0m[3mmethod[0m[2m=[0mGET
 [3muri[0m[2m=[0m/polyfills.51335943bfb38999.js
 [3mversion[0m[2m=[0mHTTP/1.1[1m}[0m[2m:[0m [2mtower_http::trace::on_response[0m[2m:[0m finished processing request
 [3mlatency[0m[2m=[0m0 ms
 [3mstatus[0m[2m=[0m200
[2m2026-02-18T11:13:09.351545Z[0m [34mDEBUG[0m [1mrequest[0m[1m{[0m[3mmethod[0m[2m=[0mGET
 [3muri[0m[2m=[0m/runtime.107f3da347f322c1.js
 [3mversion[0m[2m=[0mHTTP/1.1[1m}[0m[2m:[0m [2mtower_http::trace::on_response[0m[2m:[0m finished processing request
 [3mlatency[0m[2m=[0m0 ms
 [3mstatus[0m[2m=[0m200
[2m2026-02-18T11:13:09.351553Z[0m [34mDEBUG[0m [1mrequest[0m[1m{[0m[3mmethod[0m[2m=[0mGET
 [3muri[0m[2m=[0m/vendor.fb62bd4c33c5d68c.js
 [3mversion[0m[2m=[0mHTTP/1.1[1m}[0m[2m:[0m [2mtower_http::trace::on_response[0m[2m:[0m finished processing request
 [3mlatency[0m[2m=[0m0 ms
 [3mstatus[0m[2m=[0m200
[2m2026-02-18T11:13:09.351559Z[0m [34mDEBUG[0m [1mrequest[0m[1m{[0m[3mmethod[0m[2m=[0mGET
 [3muri[0m[2m=[0m/main.0b661d0d7a7a9466.js
 [3mversion[0m[2m=[0mHTTP/1.1[1m}[0m[2m:[0m [2mtower_http::trace::on_response[0m[2m:[0m finished processing request
 [3mlatency[0m[2m=[0m0 ms
 [3mstatus[0m[2m=[0m200
[2m2026-02-18T11:13:10.272135Z[0m [34mDEBUG[0m [1mrequest[0m[1m{[0m[3mmethod[0m[2m=[0mGET
 [3muri[0m[2m=[0m/99887.8b2135262f49c40b.js
 [3mversion[0m[2m=[0mHTTP/1.1[1m}[0m[2m:[0m [2mtower_http::trace::on_request[0m[2m:[0m started processing request
[2m2026-02-18T11:13:10.272272Z[0m [34mDEBUG[0m [1mrequest[0m[1m{[0m[3mmethod[0m[2m=[0mGET
 [3muri[0m[2m=[0m/99887.8b2135262f49c40b.js
 [3mversion[0m[2m=[0mHTTP/1.1[1m}[0m[2m:[0m [2mtower_http::trace::on_response[0m[2m:[0m finished processing request
 [3mlatency[0m[2m=[0m0 ms
 [3mstatus[0m[2m=[0m200
[2m2026-02-18T11:13:10.273060Z[0m [34mDEBUG[0m [1mrequest[0m[1m{[0m[3mmethod[0m[2m=[0mGET
 [3muri[0m[2m=[0m/34521.d99080f3ef888323.js
 [3mversion[0m[2m=[0mHTTP/1.1[1m}[0m[2m:[0m [2mtower_http::trace::on_request[0m[2m:[0m started processing request
[2m2026-02-18T11:13:10.273135Z[0m [34mDEBUG[0m [1mrequest[0m[1m{[0m[3mmethod[0m[2m=[0mGET
 [3muri[0m[2m=[0m/34521.d99080f3ef888323.js
 [3mversion[0m[2m=[0mHTTP/1.1[1m}[0m[2m:[0m [2mtower_http::trace::on_response[0m[2m:[0m finished processing request
 [3mlatency[0m[2m=[0m0 ms
 [3mstatus[0m[2m=[0m200
[2m2026-02-18T11:13:10.716996Z[0m [34mDEBUG[0m [1mrequest[0m[1m{[0m[3mmethod[0m[2m=[0mGET
 [3muri[0m[2m=[0m/72925.f62f54fc137a03aa.js
 [3mversion[0m[2m=[0mHTTP/1.1[1m}[0m[2m:[0m [2mtower_http::trace::on_request[0m[2m:[0m started processing request
[2m2026-02-18T11:13:10.716996Z[0m [34mDEBUG[0m [1mrequest[0m[1m{[0m[3mmethod[0m[2m=[0mGET
 [3muri[0m[2m=[0m/28026.09578dfaf54fcb63.js
 [3mversion[0m[2m=[0mHTTP/1.1[1m}[0m[2m:[0m [2mtower_http::trace::on_request[0m[2m:[0m started processing request
[2m2026-02-18T11:13:10.717002Z[0m [34mDEBUG[0m [1mrequest[0m[1m{[0m[3mmethod[0m[2m=[0mGET
 [3muri[0m[2m=[0m/93564.8e0871c7fa106b8f.js
 [3mversion[0m[2m=[0mHTTP/1.1[1m}[0m[2m:[0m [2mtower_http::trace::on_request[0m[2m:[0m started processing request
[2m2026-02-18T11:13:10.717007Z[0m [34mDEBUG[0m [1mrequest[0m[1m{[0m[3mmethod[0m[2m=[0mGET
 [3muri[0m[2m=[0m/52660.cedccda636ba2056.js
 [3mversion[0m[2m=[0mHTTP/1.1[1m}[0m[2m:[0m [2mtower_http::trace::on_request[0m[2m:[0m started processing request
[2m2026-02-18T11:13:10.717052Z[0m [34mDEBUG[0m [1mrequest[0m[1m{[0m[3mmethod[0m[2m=[0mGET
 [3muri[0m[2m=[0m/10528.abaa73c549edc5dd.js
 [3mversion[0m[2m=[0mHTTP/1.1[1m}[0m[2m:[0m [2mtower_http::trace::on_request[0m[2m:[0m started processing request
[2m2026-02-18T11:13:10.717064Z[0m [34mDEBUG[0m [1mrequest[0m[1m{[0m[3mmethod[0m[2m=[0mGET
 [3muri[0m[2m=[0m/23545.a8dfa9715a02ffbc.js
 [3mversion[0m[2m=[0mHTTP/1.1[1m}[0m[2m:[0m [2mtower_http::trace::on_request[0m[2m:[0m started processing request
[2m2026-02-18T11:13:10.717096Z[0m [34mDEBUG[0m [1mrequest[0m[1m{[0m[3mmethod[0m[2m=[0mGET
 [3muri[0m[2m=[0m/ws
 [3mversion[0m[2m=[0mHTTP/1.1[1m}[0m[2m:[0m [2mtower_http::trace::on_request[0m[2m:[0m started processing request
[2m2026-02-18T11:13:10.717104Z[0m [34mDEBUG[0m [1mrequest[0m[1m{[0m[3mmethod[0m[2m=[0mGET
 [3muri[0m[2m=[0m/28026.09578dfaf54fcb63.js
 [3mversion[0m[2m=[0mHTTP/1.1[1m}[0m[2m:[0m [2mtower_http::trace::on_response[0m[2m:[0m finished processing request
 [3mlatency[0m[2m=[0m0 ms
 [3mstatus[0m[2m=[0m200
[2m2026-02-18T11:13:10.717105Z[0m [34mDEBUG[0m [1mrequest[0m[1m{[0m[3mmethod[0m[2m=[0mGET
 [3muri[0m[2m=[0m/72925.f62f54fc137a03aa.js
 [3mversion[0m[2m=[0mHTTP/1.1[1m}[0m[2m:[0m [2mtower_http::trace::on_response[0m[2m:[0m finished processing request
 [3mlatency[0m[2m=[0m0 ms
 [3mstatus[0m[2m=[0m200
[2m2026-02-18T11:13:10.717114Z[0m [34mDEBUG[0m [1mrequest[0m[1m{[0m[3mmethod[0m[2m=[0mGET
 [3muri[0m[2m=[0m/52660.cedccda636ba2056.js
 [3mversion[0m[2m=[0mHTTP/1.1[1m}[0m[2m:[0m [2mtower_http::trace::on_response[0m[2m:[0m finished processing request
 [3mlatency[0m[2m=[0m0 ms
 [3mstatus[0m[2m=[0m200
[2m2026-02-18T11:13:10.717124Z[0m [34mDEBUG[0m [1mrequest[0m[1m{[0m[3mmethod[0m[2m=[0mGET
 [3muri[0m[2m=[0m/ws
 [3mversion[0m[2m=[0mHTTP/1.1[1m}[0m[2m:[0m [2mtower_http::trace::on_response[0m[2m:[0m finished processing request
 [3mlatency[0m[2m=[0m0 ms
 [3mstatus[0m[2m=[0m101
[2m2026-02-18T11:13:10.717125Z[0m [34mDEBUG[0m [1mrequest[0m[1m{[0m[3mmethod[0m[2m=[0mGET
 [3muri[0m[2m=[0m/93564.8e0871c7fa106b8f.js
 [3mversion[0m[2m=[0mHTTP/1.1[1m}[0m[2m:[0m [2mtower_http::trace::on_response[0m[2m:[0m finished processing request
 [3mlatency[0m[2m=[0m0 ms
 [3mstatus[0m[2m=[0m200
[2m2026-02-18T11:13:10.717145Z[0m [34mDEBUG[0m [1mrequest[0m[1m{[0m[3mmethod[0m[2m=[0mGET
 [3muri[0m[2m=[0m/10528.abaa73c549edc5dd.js
 [3mversion[0m[2m=[0mHTTP/1.1[1m}[0m[2m:[0m [2mtower_http::trace::on_response[0m[2m:[0m finished processing request
 [3mlatency[0m[2m=[0m0 ms
 [3mstatus[0m[2m=[0m200
[2m2026-02-18T11:13:10.717170Z[0m [34mDEBUG[0m [1mrequest[0m[1m{[0m[3mmethod[0m[2m=[0mGET
 [3muri[0m[2m=[0m/23545.a8dfa9715a02ffbc.js
 [3mversion[0m[2m=[0mHTTP/1.1[1m}[0m[2m:[0m [2mtower_http::trace::on_response[0m[2m:[0m finished processing request
 [3mlatency[0m[2m=[0m0 ms
 [3mstatus[0m[2m=[0m200
[2m2026-02-18T11:13:10.785873Z[0m [34mDEBUG[0m [1mrequest[0m[1m{[0m[3mmethod[0m[2m=[0mGET
 [3muri[0m[2m=[0m/40374.5af83576dd7ccf4b.js
 [3mversion[0m[2m=[0mHTTP/1.1[1m}[0m[2m:[0m [2mtower_http::trace::on_request[0m[2m:[0m started processing request
[2m2026-02-18T11:13:10.785993Z[0m [34mDEBUG[0m [1mrequest[0m[1m{[0m[3mmethod[0m[2m=[0mGET
 [3muri[0m[2m=[0m/40374.5af83576dd7ccf4b.js
 [3mversion[0m[2m=[0mHTTP/1.1[1m}[0m[2m:[0m [2mtower_http::trace::on_response[0m[2m:[0m finished processing request
 [3mlatency[0m[2m=[0m0 ms
 [3mstatus[0m[2m=[0m200
[2m2026-02-18T11:13:10.870701Z[0m [34mDEBUG[0m [1mrequest[0m[1m{[0m[3mmethod[0m[2m=[0mGET
 [3muri[0m[2m=[0m/Inter-SemiBold.6ea51c0eff654c89.woff2
 [3mversion[0m[2m=[0mHTTP/1.1[1m}[0m[2m:[0m [2mtower_http::trace::on_request[0m[2m:[0m started processing request
[2m2026-02-18T11:13:10.870817Z[0m [34mDEBUG[0m [1mrequest[0m[1m{[0m[3mmethod[0m[2m=[0mGET
 [3muri[0m[2m=[0m/Inter-Medium.94afb4f3993a225e.woff2
 [3mversion[0m[2m=[0mHTTP/1.1[1m}[0m[2m:[0m [2mtower_http::trace::on_request[0m[2m:[0m started processing request
[2m2026-02-18T11:13:10.870822Z[0m [34mDEBUG[0m [1mrequest[0m[1m{[0m[3mmethod[0m[2m=[0mGET
 [3muri[0m[2m=[0m/Inter-SemiBold.6ea51c0eff654c89.woff2
 [3mversion[0m[2m=[0mHTTP/1.1[1m}[0m[2m:[0m [2mtower_http::trace::on_response[0m[2m:[0m finished processing request
 [3mlatency[0m[2m=[0m0 ms
 [3mstatus[0m[2m=[0m200
[2m2026-02-18T11:13:10.870899Z[0m [34mDEBUG[0m [1mrequest[0m[1m{[0m[3mmethod[0m[2m=[0mGET
 [3muri[0m[2m=[0m/Inter-Medium.94afb4f3993a225e.woff2
 [3mversion[0m[2m=[0mHTTP/1.1[1m}[0m[2m:[0m [2mtower_http::trace::on_response[0m[2m:[0m finished processing request
 [3mlatency[0m[2m=[0m0 ms
 [3mstatus[0m[2m=[0m200
[2m2026-02-18T11:13:10.871312Z[0m [34mDEBUG[0m [1mrequest[0m[1m{[0m[3mmethod[0m[2m=[0mGET
 [3muri[0m[2m=[0m/86082.a030c8609b6204f5.js
 [3mversion[0m[2m=[0mHTTP/1.1[1m}[0m[2m:[0m [2mtower_http::trace::on_request[0m[2m:[0m started processing request
[2m2026-02-18T11:13:10.871345Z[0m [34mDEBUG[0m [1mrequest[0m[1m{[0m[3mmethod[0m[2m=[0mGET
 [3muri[0m[2m=[0m/54139.2a62adb4a2c2d15c.js
 [3mversion[0m[2m=[0mHTTP/1.1[1m}[0m[2m:[0m [2mtower_http::trace::on_request[0m[2m:[0m started processing request
[2m2026-02-18T11:13:10.871392Z[0m [34mDEBUG[0m [1mrequest[0m[1m{[0m[3mmethod[0m[2m=[0mGET
 [3muri[0m[2m=[0m/37108.45d2ba2c63236a12.js
 [3mversion[0m[2m=[0mHTTP/1.1[1m}[0m[2m:[0m [2mtower_http::trace::on_request[0m[2m:[0m started processing request
[2m2026-02-18T11:13:10.871395Z[0m [34mDEBUG[0m [1mrequest[0m[1m{[0m[3mmethod[0m[2m=[0mGET
 [3muri[0m[2m=[0m/86082.a030c8609b6204f5.js
 [3mversion[0m[2m=[0mHTTP/1.1[1m}[0m[2m:[0m [2mtower_http::trace::on_response[0m[2m:[0m finished processing request
 [3mlatency[0m[2m=[0m0 ms
 [3mstatus[0m[2m=[0m200
[2m2026-02-18T11:13:10.871423Z[0m [34mDEBUG[0m [1mrequest[0m[1m{[0m[3mmethod[0m[2m=[0mGET
 [3muri[0m[2m=[0m/54139.2a62adb4a2c2d15c.js
 [3mversion[0m[2m=[0mHTTP/1.1[1m}[0m[2m:[0m [2mtower_http::trace::on_response[0m[2m:[0m finished processing request
 [3mlatency[0m[2m=[0m0 ms
 [3mstatus[0m[2m=[0m200
[2m2026-02-18T11:13:10.871464Z[0m [34mDEBUG[0m [1mrequest[0m[1m{[0m[3mmethod[0m[2m=[0mGET
 [3muri[0m[2m=[0m/32676.31263e27b475146f.js
 [3mversion[0m[2m=[0mHTTP/1.1[1m}[0m[2m:[0m [2mtower_http::trace::on_request[0m[2m:[0m started processing request
[2m2026-02-18T11:13:10.871494Z[0m [34mDEBUG[0m [1mrequest[0m[1m{[0m[3mmethod[0m[2m=[0mGET
 [3muri[0m[2m=[0m/37108.45d2ba2c63236a12.js
 [3mversion[0m[2m=[0mHTTP/1.1[1m}[0m[2m:[0m [2mtower_http::trace::on_response[0m[2m:[0m finished processing request
 [3mlatency[0m[2m=[0m0 ms
 [3mstatus[0m[2m=[0m200
[2m2026-02-18T11:13:10.871545Z[0m [34mDEBUG[0m [1mrequest[0m[1m{[0m[3mmethod[0m[2m=[0mGET
 [3muri[0m[2m=[0m/32676.31263e27b475146f.js
 [3mversion[0m[2m=[0mHTTP/1.1[1m}[0m[2m:[0m [2mtower_http::trace::on_response[0m[2m:[0m finished processing request
 [3mlatency[0m[2m=[0m0 ms
 [3mstatus[0m[2m=[0m200
[2m2026-02-18T11:13:10.887138Z[0m [34mDEBUG[0m [1mrequest[0m[1m{[0m[3mmethod[0m[2m=[0mGET
 [3muri[0m[2m=[0m/69644.899a3113b5648313.js
 [3mversion[0m[2m=[0mHTTP/1.1[1m}[0m[2m:[0m [2mtower_http::trace::on_request[0m[2m:[0m started processing request
[2m2026-02-18T11:13:10.887231Z[0m [34mDEBUG[0m [1mrequest[0m[1m{[0m[3mmethod[0m[2m=[0mGET
 [3muri[0m[2m=[0m/69644.899a3113b5648313.js
 [3mversion[0m[2m=[0mHTTP/1.1[1m}[0m[2m:[0m [2mtower_http::trace::on_response[0m[2m:[0m finished processing request
 [3mlatency[0m[2m=[0m0 ms
 [3mstatus[0m[2m=[0m200
[2m2026-02-18T11:13:10.894256Z[0m [34mDEBUG[0m [1mrequest[0m[1m{[0m[3mmethod[0m[2m=[0mGET
 [3muri[0m[2m=[0m/71112.07146e974267b668.js
 [3mversion[0m[2m=[0mHTTP/1.1[1m}[0m[2m:[0m [2mtower_http::trace::on_request[0m[2m:[0m started processing request
[2m2026-02-18T11:13:10.894344Z[0m [34mDEBUG[0m [1mrequest[0m[1m{[0m[3mmethod[0m[2m=[0mGET
 [3muri[0m[2m=[0m/71112.07146e974267b668.js
 [3mversion[0m[2m=[0mHTTP/1.1[1m}[0m[2m:[0m [2mtower_http::trace::on_response[0m[2m:[0m finished processing request
 [3mlatency[0m[2m=[0m0 ms
 [3mstatus[0m[2m=[0m200
[2m2026-02-18T11:13:10.961475Z[0m [34mDEBUG[0m [1mrequest[0m[1m{[0m[3mmethod[0m[2m=[0mGET
 [3muri[0m[2m=[0m/27329.e2e9770d4264b337.js
 [3mversion[0m[2m=[0mHTTP/1.1[1m}[0m[2m:[0m [2mtower_http::trace::on_request[0m[2m:[0m started processing request
[2m2026-02-18T11:13:10.961538Z[0m [34mDEBUG[0m [1mrequest[0m[1m{[0m[3mmethod[0m[2m=[0mGET
 [3muri[0m[2m=[0m/logo-spectr.svg
 [3mversion[0m[2m=[0mHTTP/1.1[1m}[0m[2m:[0m [2mtower_http::trace::on_request[0m[2m:[0m started processing request
[2m2026-02-18T11:13:10.961620Z[0m [34mDEBUG[0m [1mrequest[0m[1m{[0m[3mmethod[0m[2m=[0mGET
 [3muri[0m[2m=[0m/27329.e2e9770d4264b337.js
 [3mversion[0m[2m=[0mHTTP/1.1[1m}[0m[2m:[0m [2mtower_http::trace::on_response[0m[2m:[0m finished processing request
 [3mlatency[0m[2m=[0m0 ms
 [3mstatus[0m[2m=[0m200
[2m2026-02-18T11:13:10.961706Z[0m [34mDEBUG[0m [1mrequest[0m[1m{[0m[3mmethod[0m[2m=[0mGET
 [3muri[0m[2m=[0m/logo-spectr.svg
 [3mversion[0m[2m=[0mHTTP/1.1[1m}[0m[2m:[0m [2mtower_http::trace::on_response[0m[2m:[0m finished processing request
 [3mlatency[0m[2m=[0m0 ms
 [3mstatus[0m[2m=[0m200
[2m2026-02-18T11:13:11.075840Z[0m [34mDEBUG[0m [1mrequest[0m[1m{[0m[3mmethod[0m[2m=[0mGET
 [3muri[0m[2m=[0m/favicon.ico
 [3mversion[0m[2m=[0mHTTP/1.1[1m}[0m[2m:[0m [2mtower_http::trace::on_request[0m[2m:[0m started processing request
[2m2026-02-18T11:13:11.075941Z[0m [34mDEBUG[0m [1mrequest[0m[1m{[0m[3mmethod[0m[2m=[0mGET
 [3muri[0m[2m=[0m/favicon.ico
 [3mversion[0m[2m=[0mHTTP/1.1[1m}[0m[2m:[0m [2mtower_http::trace::on_response[0m[2m:[0m finished processing request
 [3mlatency[0m[2m=[0m0 ms
 [3mstatus[0m[2m=[0m200
[2m2026-02-18T11:13:22.314321Z[0m [32m INFO[0m [2mtaxon_core::actors::ipc::http_actor[0m[2m:[0m recv msg from ws
[2m2026-02-18T11:13:22.329442Z[0m [32m INFO[0m [2mtaxon_core::actors::ipc::http_actor[0m[2m:[0m recv msg from ws
[2m2026-02-18T11:13:22.329485Z[0m [32m INFO[0m [2mtaxon_core::actors::ipc::http_actor[0m[2m:[0m send ws message to handler
[2m2026-02-18T11:13:22.329624Z[0m [32m INFO[0m [1mActor[0m[1m{[0m[3mid[0m[2m=[0m"0.8"
 [3mname[0m[2m=[0m"ClientIpcHandler"[1m}[0m[2m:[0m [2mikm_controller::actors::ipc_handler[0m[2m:[0m Modbus IPC_Handler: получено IPC сообщение: peer=019c7074-383d-7c62-9cad-07967248e4fd, protocol=WS
[2m2026-02-18T11:13:22.329698Z[0m [32m INFO[0m [1mActor[0m[1m{[0m[3mid[0m[2m=[0m"0.8"
 [3mname[0m[2m=[0m"ClientIpcHandler"[1m}[0m[2m:[0m [2mikm_controller::actors::ipc_handler[0m[2m:[0m Modbus IPC_Handler: raw msg =
{
  "type": "Action",
  "action": {
    "name": "park_list",
    "type": "GetData",
    "args": {
      "ids": [],
      "fields": "Minimal"
    },
    "target": {
      "type": "Data",
      "data_ns": "Parks"
    }
  },
  "id": 658131647,
  "guaranteed": null,
  "send_at": null,
  "from_user": "admin",
  "from_module": null,
  "with_roles": [
    "operator",
    "engineer",
    "admin"
  ],
  "in_group": null,
  "in_process": null,
  "in_device": null,
  "for_module": null,
  "for_user": null
}
[2m2026-02-18T11:13:22.329713Z[0m [32m INFO[0m [1mActor[0m[1m{[0m[3mid[0m[2m=[0m"0.8"
 [3mname[0m[2m=[0m"ClientIpcHandler"[1m}[0m[2m:[0m [2mikm_controller::actors::ipc_handler[0m[2m:[0m Modbus IPC_Handler: action.name=Some("park_list"), kind=GetData, target.module_name=None, data_ns=Some("Parks")
[2m2026-02-18T11:13:22.329726Z[0m [32m INFO[0m [1mActor[0m[1m{[0m[3mid[0m[2m=[0m"0.8"
 [3mname[0m[2m=[0m"ClientIpcHandler"[1m}[0m[2m:[0m [2mikm_controller::actors::ipc_handler[0m[2m:[0m Modbus IPC_Handler: непонятный action: name=Some("park_list"), kind=GetData — игнорируем
[2m2026-02-18T11:13:22.339864Z[0m [32m INFO[0m [2mtaxon_core::actors::ipc::http_actor[0m[2m:[0m recv msg from ws
[2m2026-02-18T11:13:22.339900Z[0m [32m INFO[0m [2mtaxon_core::actors::ipc::http_actor[0m[2m:[0m send ws message to handler
[2m2026-02-18T11:13:22.339983Z[0m [32m INFO[0m [1mActor[0m[1m{[0m[3mid[0m[2m=[0m"0.8"
 [3mname[0m[2m=[0m"ClientIpcHandler"[1m}[0m[2m:[0m [2mikm_controller::actors::ipc_handler[0m[2m:[0m Modbus IPC_Handler: получено IPC сообщение: peer=019c7074-383d-7c62-9cad-07967248e4fd, protocol=WS
[2m2026-02-18T11:13:22.340015Z[0m [32m INFO[0m [1mActor[0m[1m{[0m[3mid[0m[2m=[0m"0.8"
 [3mname[0m[2m=[0m"ClientIpcHandler"[1m}[0m[2m:[0m [2mikm_controller::actors::ipc_handler[0m[2m:[0m Modbus IPC_Handler: raw msg =
{
  "type": "Action",
  "action": {
    "name": "product_list",
    "type": "GetData",
    "args": {
      "ids": [],
      "fields": "Minimal"
    },
    "target": {
      "type": "Data",
      "data_ns": "Products"
    }
  },
  "id": 3312863701,
  "guaranteed": null,
  "send_at": null,
  "from_user": "admin",
  "from_module": null,
  "with_roles": [
    "operator",
    "engineer",
    "admin"
  ],
  "in_group": null,
  "in_process": null,
  "in_device": null,
  "for_module": null,
  "for_user": null
}
[2m2026-02-18T11:13:22.340024Z[0m [32m INFO[0m [1mActor[0m[1m{[0m[3mid[0m[2m=[0m"0.8"
 [3mname[0m[2m=[0m"ClientIpcHandler"[1m}[0m[2m:[0m [2mikm_controller::actors::ipc_handler[0m[2m:[0m Modbus IPC_Handler: action.name=Some("product_list"), kind=GetData, target.module_name=None, data_ns=Some("Products")
[2m2026-02-18T11:13:22.340034Z[0m [32m INFO[0m [1mActor[0m[1m{[0m[3mid[0m[2m=[0m"0.8"
 [3mname[0m[2m=[0m"ClientIpcHandler"[1m}[0m[2m:[0m [2mikm_controller::actors::ipc_handler[0m[2m:[0m Modbus IPC_Handler: обработка action 'product_list'
[2m2026-02-18T11:13:22.340054Z[0m [32m INFO[0m [1mActor[0m[1m{[0m[3mid[0m[2m=[0m"0.8"
 [3mname[0m[2m=[0m"ClientIpcHandler"[1m}[0m[2m:[0m [2mikm_controller::actors::ipc_handler[0m[2m:[0m products_list: входные аргументы: ids.len() = 0, fields = Minimal
[2m2026-02-18T11:13:22.340106Z[0m [32m INFO[0m [1mActor[0m[1m{[0m[3mid[0m[2m=[0m"0.8"
 [3mname[0m[2m=[0m"ClientIpcHandler"[1m}[0m[2m:[0m [2mikm_controller::actors::ipc_handler[0m[2m:[0m products_list: отправляем ответ в ipc_router
[2m2026-02-18T11:13:22.340159Z[0m [32m INFO[0m [2mtaxon_core::actors::ipc::http_actor[0m[2m:[0m recv msg from ws
[2m2026-02-18T11:13:22.340194Z[0m [32m INFO[0m [2mtaxon_core::actors::ipc::http_actor[0m[2m:[0m send ws message to handler
[2m2026-02-18T11:13:22.340229Z[0m [32m INFO[0m [1mActor[0m[1m{[0m[3mid[0m[2m=[0m"0.8"
 [3mname[0m[2m=[0m"ClientIpcHandler"[1m}[0m[2m:[0m [2mikm_controller::actors::ipc_handler[0m[2m:[0m Modbus IPC_Handler: получено IPC сообщение: peer=019c7074-383d-7c62-9cad-07967248e4fd, protocol=WS
[2m2026-02-18T11:13:22.340251Z[0m [32m INFO[0m [1mActor[0m[1m{[0m[3mid[0m[2m=[0m"0.8"
 [3mname[0m[2m=[0m"ClientIpcHandler"[1m}[0m[2m:[0m [2mikm_controller::actors::ipc_handler[0m[2m:[0m Modbus IPC_Handler: raw msg =
{
  "type": "Action",
  "action": {
    "name": "tank_list",
    "type": "GetData",
    "args": {
      "ids": [],
      "fields": "All"
    },
    "target": {
      "type": "Data",
      "data_ns": "Tank"
    }
  },
  "id": 2656850406,
  "guaranteed": null,
  "send_at": null,
  "from_user": "admin",
  "from_module": null,
  "with_roles": [
    "operator",
    "engineer",
    "admin"
  ],
  "in_group": null,
  "in_process": null,
  "in_device": null,
  "for_module": null,
  "for_user": null
}
[2m2026-02-18T11:13:22.340257Z[0m [32m INFO[0m [1mActor[0m[1m{[0m[3mid[0m[2m=[0m"0.8"
 [3mname[0m[2m=[0m"ClientIpcHandler"[1m}[0m[2m:[0m [2mikm_controller::actors::ipc_handler[0m[2m:[0m Modbus IPC_Handler: action.name=Some("tank_list"), kind=GetData, target.module_name=None, data_ns=Some("Tank")
[2m2026-02-18T11:13:22.340315Z[0m [32m INFO[0m [1mActor[0m[1m{[0m[3mid[0m[2m=[0m"0.8"
 [3mname[0m[2m=[0m"ClientIpcHandler"[1m}[0m[2m:[0m [2mikm_controller::actors::ipc_handler[0m[2m:[0m tank_list: отправляем ответ в ipc_router
[2m2026-02-18T11:13:22.431456Z[0m [34mDEBUG[0m [1mrequest[0m[1m{[0m[3mmethod[0m[2m=[0mGET
 [3muri[0m[2m=[0m/grid.png
 [3mversion[0m[2m=[0mHTTP/1.1[1m}[0m[2m:[0m [2mtower_http::trace::on_request[0m[2m:[0m started processing request
[2m2026-02-18T11:13:22.431611Z[0m [34mDEBUG[0m [1mrequest[0m[1m{[0m[3mmethod[0m[2m=[0mGET
 [3muri[0m[2m=[0m/grid.png
 [3mversion[0m[2m=[0mHTTP/1.1[1m}[0m[2m:[0m [2mtower_http::trace::on_response[0m[2m:[0m finished processing request
 [3mlatency[0m[2m=[0m0 ms
 [3mstatus[0m[2m=[0m200
[2m2026-02-18T11:13:24.332753Z[0m [32m INFO[0m [2mtaxon_core::actors::ipc::http_actor[0m[2m:[0m recv msg from ws
[2m2026-02-18T11:13:24.332810Z[0m [32m INFO[0m [2mtaxon_core::actors::ipc::http_actor[0m[2m:[0m send ws message to handler
[2m2026-02-18T11:13:24.332908Z[0m [32m INFO[0m [1mActor[0m[1m{[0m[3mid[0m[2m=[0m"0.8"
 [3mname[0m[2m=[0m"ClientIpcHandler"[1m}[0m[2m:[0m [2mikm_controller::actors::ipc_handler[0m[2m:[0m Modbus IPC_Handler: получено IPC сообщение: peer=019c7074-383d-7c62-9cad-07967248e4fd, protocol=WS
[2m2026-02-18T11:13:24.332948Z[0m [32m INFO[0m [1mActor[0m[1m{[0m[3mid[0m[2m=[0m"0.8"
 [3mname[0m[2m=[0m"ClientIpcHandler"[1m}[0m[2m:[0m [2mikm_controller::actors::ipc_handler[0m[2m:[0m Modbus IPC_Handler: raw msg =
{
  "type": "Action",
  "action": {
    "name": "tank_list",
    "type": "GetData",
    "args": {
      "ids": [],
      "fields": "All"
    },
    "target": {
      "type": "Data",
      "data_ns": "Tank"
    }
  },
  "id": 3550895175,
  "guaranteed": null,
  "send_at": null,
  "from_user": "admin",
  "from_module": null,
  "with_roles": [
    "operator",
    "engineer",
    "admin"
  ],
  "in_group": null,
  "in_process": null,
  "in_device": null,
  "for_module": null,
  "for_user": null
}
[2m2026-02-18T11:13:24.332962Z[0m [32m INFO[0m [1mActor[0m[1m{[0m[3mid[0m[2m=[0m"0.8"
 [3mname[0m[2m=[0m"ClientIpcHandler"[1m}[0m[2m:[0m [2mikm_controller::actors::ipc_handler[0m[2m:[0m Modbus IPC_Handler: action.name=Some("tank_list"), kind=GetData, target.module_name=None, data_ns=Some("Tank")
[2m2026-02-18T11:13:24.333067Z[0m [32m INFO[0m [1mActor[0m[1m{[0m[3mid[0m[2m=[0m"0.8"
 [3mname[0m[2m=[0m"ClientIpcHandler"[1m}[0m[2m:[0m [2mikm_controller::actors::ipc_handler[0m[2m:[0m tank_list: отправляем ответ в ipc_router
[2m2026-02-18T11:13:26.320411Z[0m [34mDEBUG[0m [1mrequest[0m[1m{[0m[3mmethod[0m[2m=[0mGET
 [3muri[0m[2m=[0m/3789.8a50b3121938a881.js
 [3mversion[0m[2m=[0mHTTP/1.1[1m}[0m[2m:[0m [2mtower_http::trace::on_request[0m[2m:[0m started processing request
[2m2026-02-18T11:13:26.320473Z[0m [34mDEBUG[0m [1mrequest[0m[1m{[0m[3mmethod[0m[2m=[0mGET
 [3muri[0m[2m=[0m/67002.60fb71fe0c5a6e39.js
 [3mversion[0m[2m=[0mHTTP/1.1[1m}[0m[2m:[0m [2mtower_http::trace::on_request[0m[2m:[0m started processing request
[2m2026-02-18T11:13:26.320566Z[0m [34mDEBUG[0m [1mrequest[0m[1m{[0m[3mmethod[0m[2m=[0mGET
 [3muri[0m[2m=[0m/3789.8a50b3121938a881.js
 [3mversion[0m[2m=[0mHTTP/1.1[1m}[0m[2m:[0m [2mtower_http::trace::on_response[0m[2m:[0m finished processing request
 [3mlatency[0m[2m=[0m0 ms
 [3mstatus[0m[2m=[0m200
[2m2026-02-18T11:13:26.320582Z[0m [34mDEBUG[0m [1mrequest[0m[1m{[0m[3mmethod[0m[2m=[0mGET
 [3muri[0m[2m=[0m/67002.60fb71fe0c5a6e39.js
 [3mversion[0m[2m=[0mHTTP/1.1[1m}[0m[2m:[0m [2mtower_http::trace::on_response[0m[2m:[0m finished processing request
 [3mlatency[0m[2m=[0m0 ms
 [3mstatus[0m[2m=[0m200
[2m2026-02-18T11:13:26.393900Z[0m [32m INFO[0m [2mtaxon_core::actors::ipc::http_actor[0m[2m:[0m recv msg from ws
[2m2026-02-18T11:13:26.393957Z[0m [32m INFO[0m [2mtaxon_core::actors::ipc::http_actor[0m[2m:[0m send ws message to handler
[2m2026-02-18T11:13:26.394080Z[0m [32m INFO[0m [1mActor[0m[1m{[0m[3mid[0m[2m=[0m"0.8"
 [3mname[0m[2m=[0m"ClientIpcHandler"[1m}[0m[2m:[0m [2mikm_controller::actors::ipc_handler[0m[2m:[0m Modbus IPC_Handler: получено IPC сообщение: peer=019c7074-383d-7c62-9cad-07967248e4fd, protocol=WS
[2m2026-02-18T11:13:26.394119Z[0m [32m INFO[0m [1mActor[0m[1m{[0m[3mid[0m[2m=[0m"0.8"
 [3mname[0m[2m=[0m"ClientIpcHandler"[1m}[0m[2m:[0m [2mikm_controller::actors::ipc_handler[0m[2m:[0m Modbus IPC_Handler: raw msg =
{
  "type": "Action",
  "action": {
    "name": "tank_list",
    "type": "GetData",
    "args": {
      "ids": [],
      "fields": "All"
    },
    "target": {
      "type": "Data",
      "data_ns": "Tank"
    }
  },
  "id": 3452128584,
  "guaranteed": null,
  "send_at": null,
  "from_user": "admin",
  "from_module": null,
  "with_roles": [
    "operator",
    "engineer",
    "admin"
  ],
  "in_group": null,
  "in_process": null,
  "in_device": null,
  "for_module": null,
  "for_user": null
}
[2m2026-02-18T11:13:26.394127Z[0m [32m INFO[0m [1mActor[0m[1m{[0m[3mid[0m[2m=[0m"0.8"
 [3mname[0m[2m=[0m"ClientIpcHandler"[1m}[0m[2m:[0m [2mikm_controller::actors::ipc_handler[0m[2m:[0m Modbus IPC_Handler: action.name=Some("tank_list"), kind=GetData, target.module_name=None, data_ns=Some("Tank")
[2m2026-02-18T11:13:26.394245Z[0m [32m INFO[0m [1mActor[0m[1m{[0m[3mid[0m[2m=[0m"0.8"
 [3mname[0m[2m=[0m"ClientIpcHandler"[1m}[0m[2m:[0m [2mikm_controller::actors::ipc_handler[0m[2m:[0m tank_list: отправляем ответ в ipc_router
[2m2026-02-18T11:13:28.427236Z[0m [32m INFO[0m [2mtaxon_core::actors::ipc::http_actor[0m[2m:[0m recv msg from ws
[2m2026-02-18T11:13:28.427309Z[0m [32m INFO[0m [2mtaxon_core::actors::ipc::http_actor[0m[2m:[0m send ws message to handler
[2m2026-02-18T11:13:28.427444Z[0m [32m INFO[0m [1mActor[0m[1m{[0m[3mid[0m[2m=[0m"0.8"
 [3mname[0m[2m=[0m"ClientIpcHandler"[1m}[0m[2m:[0m [2mikm_controller::actors::ipc_handler[0m[2m:[0m Modbus IPC_Handler: получено IPC сообщение: peer=019c7074-383d-7c62-9cad-07967248e4fd, protocol=WS
[2m2026-02-18T11:13:28.427493Z[0m [32m INFO[0m [1mActor[0m[1m{[0m[3mid[0m[2m=[0m"0.8"
 [3mname[0m[2m=[0m"ClientIpcHandler"[1m}[0m[2m:[0m [2mikm_controller::actors::ipc_handler[0m[2m:[0m Modbus IPC_Handler: raw msg =
{
  "type": "Action",
  "action": {
    "name": "tank_list",
    "type": "GetData",
    "args": {
      "ids": [],
      "fields": "All"
    },
    "target": {
      "type": "Data",
      "data_ns": "Tank"
    }
  },
  "id": 2640567997,
  "guaranteed": null,
  "send_at": null,
  "from_user": "admin",
  "from_module": null,
  "with_roles": [
    "operator",
    "engineer",
    "admin"
  ],
  "in_group": null,
  "in_process": null,
  "in_device": null,
  "for_module": null,
  "for_user": null
}
[2m2026-02-18T11:13:28.427506Z[0m [32m INFO[0m [1mActor[0m[1m{[0m[3mid[0m[2m=[0m"0.8"
 [3mname[0m[2m=[0m"ClientIpcHandler"[1m}[0m[2m:[0m [2mikm_controller::actors::ipc_handler[0m[2m:[0m Modbus IPC_Handler: action.name=Some("tank_list"), kind=GetData, target.module_name=None, data_ns=Some("Tank")
[2m2026-02-18T11:13:28.427637Z[0m [32m INFO[0m [1mActor[0m[1m{[0m[3mid[0m[2m=[0m"0.8"
 [3mname[0m[2m=[0m"ClientIpcHandler"[1m}[0m[2m:[0m [2mikm_controller::actors::ipc_handler[0m[2m:[0m tank_list: отправляем ответ в ipc_router
[2m2026-02-18T11:13:30.465963Z[0m [32m INFO[0m [2mtaxon_core::actors::ipc::http_actor[0m[2m:[0m recv msg from ws
[2m2026-02-18T11:13:30.466021Z[0m [32m INFO[0m [2mtaxon_core::actors::ipc::http_actor[0m[2m:[0m send ws message to handler
[2m2026-02-18T11:13:30.466121Z[0m [32m INFO[0m [1mActor[0m[1m{[0m[3mid[0m[2m=[0m"0.8"
 [3mname[0m[2m=[0m"ClientIpcHandler"[1m}[0m[2m:[0m [2mikm_controller::actors::ipc_handler[0m[2m:[0m Modbus IPC_Handler: получено IPC сообщение: peer=019c7074-383d-7c62-9cad-07967248e4fd, protocol=WS
[2m2026-02-18T11:13:30.466159Z[0m [32m INFO[0m [1mActor[0m[1m{[0m[3mid[0m[2m=[0m"0.8"
 [3mname[0m[2m=[0m"ClientIpcHandler"[1m}[0m[2m:[0m [2mikm_controller::actors::ipc_handler[0m[2m:[0m Modbus IPC_Handler: raw msg =
{
  "type": "Action",
  "action": {
    "name": "tank_list",
    "type": "GetData",
    "args": {
      "ids": [],
      "fields": "All"
    },
    "target": {
      "type": "Data",
      "data_ns": "Tank"
    }
  },
  "id": 2540563421,
  "guaranteed": null,
  "send_at": null,
  "from_user": "admin",
  "from_module": null,
  "with_roles": [
    "operator",
    "engineer",
    "admin"
  ],
  "in_group": null,
  "in_process": null,
  "in_device": null,
  "for_module": null,
  "for_user": null
}
[2m2026-02-18T11:13:30.466167Z[0m [32m INFO[0m [1mActor[0m[1m{[0m[3mid[0m[2m=[0m"0.8"
 [3mname[0m[2m=[0m"ClientIpcHandler"[1m}[0m[2m:[0m [2mikm_controller::actors::ipc_handler[0m[2m:[0m Modbus IPC_Handler: action.name=Some("tank_list"), kind=GetData, target.module_name=None, data_ns=Some("Tank")
[2m2026-02-18T11:13:30.466274Z[0m [32m INFO[0m [1mActor[0m[1m{[0m[3mid[0m[2m=[0m"0.8"
 [3mname[0m[2m=[0m"ClientIpcHandler"[1m}[0m[2m:[0m [2mikm_controller::actors::ipc_handler[0m[2m:[0m tank_list: отправляем ответ в ipc_router
[2m2026-02-18T11:13:32.499702Z[0m [32m INFO[0m [2mtaxon_core::actors::ipc::http_actor[0m[2m:[0m recv msg from ws
[2m2026-02-18T11:13:32.499766Z[0m [32m INFO[0m [2mtaxon_core::actors::ipc::http_actor[0m[2m:[0m send ws message to handler
[2m2026-02-18T11:13:32.499831Z[0m [32m INFO[0m [1mActor[0m[1m{[0m[3mid[0m[2m=[0m"0.8"
 [3mname[0m[2m=[0m"ClientIpcHandler"[1m}[0m[2m:[0m [2mikm_controller::actors::ipc_handler[0m[2m:[0m Modbus IPC_Handler: получено IPC сообщение: peer=019c7074-383d-7c62-9cad-07967248e4fd, protocol=WS
[2m2026-02-18T11:13:32.499871Z[0m [32m INFO[0m [1mActor[0m[1m{[0m[3mid[0m[2m=[0m"0.8"
 [3mname[0m[2m=[0m"ClientIpcHandler"[1m}[0m[2m:[0m [2mikm_controller::actors::ipc_handler[0m[2m:[0m Modbus IPC_Handler: raw msg =
{
  "type": "Action",
  "action": {
    "name": "tank_list",
    "type": "GetData",
    "args": {
      "ids": [],
      "fields": "All"
    },
    "target": {
      "type": "Data",
      "data_ns": "Tank"
    }
  },
  "id": 1683883337,
  "guaranteed": null,
  "send_at": null,
  "from_user": "admin",
  "from_module": null,
  "with_roles": [
    "operator",
    "engineer",
    "admin"
  ],
  "in_group": null,
  "in_process": null,
  "in_device": null,
  "for_module": null,
  "for_user": null
}
[2m2026-02-18T11:13:32.499878Z[0m [32m INFO[0m [1mActor[0m[1m{[0m[3mid[0m[2m=[0m"0.8"
 [3mname[0m[2m=[0m"ClientIpcHandler"[1m}[0m[2m:[0m [2mikm_controller::actors::ipc_handler[0m[2m:[0m Modbus IPC_Handler: action.name=Some("tank_list"), kind=GetData, target.module_name=None, data_ns=Some("Tank")
[2m2026-02-18T11:13:32.499967Z[0m [32m INFO[0m [1mActor[0m[1m{[0m[3mid[0m[2m=[0m"0.8"
 [3mname[0m[2m=[0m"ClientIpcHandler"[1m}[0m[2m:[0m [2mikm_controller::actors::ipc_handler[0m[2m:[0m tank_list: отправляем ответ в ipc_router
[2m2026-02-18T11:13:34.894840Z[0m [32m INFO[0m [2mtaxon_core::actors::ipc::http_actor[0m[2m:[0m recv msg from ws
[2m2026-02-18T11:13:34.894910Z[0m [32m INFO[0m [2mtaxon_core::actors::ipc::http_actor[0m[2m:[0m send ws message to handler
[2m2026-02-18T11:13:34.894975Z[0m [32m INFO[0m [1mActor[0m[1m{[0m[3mid[0m[2m=[0m"0.8"
 [3mname[0m[2m=[0m"ClientIpcHandler"[1m}[0m[2m:[0m [2mikm_controller::actors::ipc_handler[0m[2m:[0m Modbus IPC_Handler: получено IPC сообщение: peer=019c7074-383d-7c62-9cad-07967248e4fd, protocol=WS
[2m2026-02-18T11:13:34.895014Z[0m [32m INFO[0m [1mActor[0m[1m{[0m[3mid[0m[2m=[0m"0.8"
 [3mname[0m[2m=[0m"ClientIpcHandler"[1m}[0m[2m:[0m [2mikm_controller::actors::ipc_handler[0m[2m:[0m Modbus IPC_Handler: raw msg =
{
  "type": "Action",
  "action": {
    "name": "tank_list",
    "type": "GetData",
    "args": {
      "ids": [],
      "fields": "All"
    },
    "target": {
      "type": "Data",
      "data_ns": "Tank"
    }
  },
  "id": 38730010,
  "guaranteed": null,
  "send_at": null,
  "from_user": "admin",
  "from_module": null,
  "with_roles": [
    "operator",
    "engineer",
    "admin"
  ],
  "in_group": null,
  "in_process": null,
  "in_device": null,
  "for_module": null,
  "for_user": null
}
[2m2026-02-18T11:13:34.895021Z[0m [32m INFO[0m [1mActor[0m[1m{[0m[3mid[0m[2m=[0m"0.8"
 [3mname[0m[2m=[0m"ClientIpcHandler"[1m}[0m[2m:[0m [2mikm_controller::actors::ipc_handler[0m[2m:[0m Modbus IPC_Handler: action.name=Some("tank_list"), kind=GetData, target.module_name=None, data_ns=Some("Tank")
[2m2026-02-18T11:13:34.895132Z[0m [32m INFO[0m [1mActor[0m[1m{[0m[3mid[0m[2m=[0m"0.8"
 [3mname[0m[2m=[0m"ClientIpcHandler"[1m}[0m[2m:[0m [2mikm_controller::actors::ipc_handler[0m[2m:[0m tank_list: отправляем ответ в ipc_router
[2m2026-02-18T11:13:37.906962Z[0m [32m INFO[0m [2mtaxon_core::actors::ipc::http_actor[0m[2m:[0m recv msg from ws
[2m2026-02-18T11:13:37.907026Z[0m [32m INFO[0m [2mtaxon_core::actors::ipc::http_actor[0m[2m:[0m send ws message to handler
[2m2026-02-18T11:13:37.907085Z[0m [32m INFO[0m [1mActor[0m[1m{[0m[3mid[0m[2m=[0m"0.8"
 [3mname[0m[2m=[0m"ClientIpcHandler"[1m}[0m[2m:[0m [2mikm_controller::actors::ipc_handler[0m[2m:[0m Modbus IPC_Handler: получено IPC сообщение: peer=019c7074-383d-7c62-9cad-07967248e4fd, protocol=WS
[2m2026-02-18T11:13:37.907142Z[0m [32m INFO[0m [1mActor[0m[1m{[0m[3mid[0m[2m=[0m"0.8"
 [3mname[0m[2m=[0m"ClientIpcHandler"[1m}[0m[2m:[0m [2mikm_controller::actors::ipc_handler[0m[2m:[0m Modbus IPC_Handler: raw msg =
{
  "type": "Action",
  "action": {
    "name": "tank_list",
    "type": "GetData",
    "args": {
      "ids": [],
      "fields": "All"
    },
    "target": {
      "type": "Data",
      "data_ns": "Tank"
    }
  },
  "id": 2725421782,
  "guaranteed": null,
  "send_at": null,
  "from_user": "admin",
  "from_module": null,
  "with_roles": [
    "operator",
    "engineer",
    "admin"
  ],
  "in_group": null,
  "in_process": null,
  "in_device": null,
  "for_module": null,
  "for_user": null
}
[2m2026-02-18T11:13:37.907152Z[0m [32m INFO[0m [1mActor[0m[1m{[0m[3mid[0m[2m=[0m"0.8"
 [3mname[0m[2m=[0m"ClientIpcHandler"[1m}[0m[2m:[0m [2mikm_controller::actors::ipc_handler[0m[2m:[0m Modbus IPC_Handler: action.name=Some("tank_list"), kind=GetData, target.module_name=None, data_ns=Some("Tank")
[2m2026-02-18T11:13:37.907256Z[0m [32m INFO[0m [1mActor[0m[1m{[0m[3mid[0m[2m=[0m"0.8"
 [3mname[0m[2m=[0m"ClientIpcHandler"[1m}[0m[2m:[0m [2mikm_controller::actors::ipc_handler[0m[2m:[0m tank_list: отправляем ответ в ipc_router
[2m2026-02-18T11:13:40.902617Z[0m [32m INFO[0m [2mtaxon_core::actors::ipc::http_actor[0m[2m:[0m recv msg from ws
[2m2026-02-18T11:13:40.902692Z[0m [32m INFO[0m [2mtaxon_core::actors::ipc::http_actor[0m[2m:[0m send ws message to handler
[2m2026-02-18T11:13:40.902790Z[0m [32m INFO[0m [1mActor[0m[1m{[0m[3mid[0m[2m=[0m"0.8"
 [3mname[0m[2m=[0m"ClientIpcHandler"[1m}[0m[2m:[0m [2mikm_controller::actors::ipc_handler[0m[2m:[0m Modbus IPC_Handler: получено IPC сообщение: peer=019c7074-383d-7c62-9cad-07967248e4fd, protocol=WS
[2m2026-02-18T11:13:40.902828Z[0m [32m INFO[0m [1mActor[0m[1m{[0m[3mid[0m[2m=[0m"0.8"
 [3mname[0m[2m=[0m"ClientIpcHandler"[1m}[0m[2m:[0m [2mikm_controller::actors::ipc_handler[0m[2m:[0m Modbus IPC_Handler: raw msg =
{
  "type": "Action",
  "action": {
    "name": "tank_list",
    "type": "GetData",
    "args": {
      "ids": [],
      "fields": "All"
    },
    "target": {
      "type": "Data",
      "data_ns": "Tank"
    }
  },
  "id": 4063113099,
  "guaranteed": null,
  "send_at": null,
  "from_user": "admin",
  "from_module": null,
  "with_roles": [
    "operator",
    "engineer",
    "admin"
  ],
  "in_group": null,
  "in_process": null,
  "in_device": null,
  "for_module": null,
  "for_user": null
}
[2m2026-02-18T11:13:40.902837Z[0m [32m INFO[0m [1mActor[0m[1m{[0m[3mid[0m[2m=[0m"0.8"
 [3mname[0m[2m=[0m"ClientIpcHandler"[1m}[0m[2m:[0m [2mikm_controller::actors::ipc_handler[0m[2m:[0m Modbus IPC_Handler: action.name=Some("tank_list"), kind=GetData, target.module_name=None, data_ns=Some("Tank")
[2m2026-02-18T11:13:40.902938Z[0m [32m INFO[0m [1mActor[0m[1m{[0m[3mid[0m[2m=[0m"0.8"
 [3mname[0m[2m=[0m"ClientIpcHandler"[1m}[0m[2m:[0m [2mikm_controller::actors::ipc_handler[0m[2m:[0m tank_list: отправляем ответ в ipc_router
[2m2026-02-18T11:13:43.924502Z[0m [32m INFO[0m [2mtaxon_core::actors::ipc::http_actor[0m[2m:[0m recv msg from ws
[2m2026-02-18T11:13:43.924594Z[0m [32m INFO[0m [2mtaxon_core::actors::ipc::http_actor[0m[2m:[0m send ws message to handler
[2m2026-02-18T11:13:43.924672Z[0m [32m INFO[0m [1mActor[0m[1m{[0m[3mid[0m[2m=[0m"0.8"
 [3mname[0m[2m=[0m"ClientIpcHandler"[1m}[0m[2m:[0m [2mikm_controller::actors::ipc_handler[0m[2m:[0m Modbus IPC_Handler: получено IPC сообщение: peer=019c7074-383d-7c62-9cad-07967248e4fd, protocol=WS
[2m2026-02-18T11:13:43.924728Z[0m [32m INFO[0m [1mActor[0m[1m{[0m[3mid[0m[2m=[0m"0.8"
 [3mname[0m[2m=[0m"ClientIpcHandler"[1m}[0m[2m:[0m [2mikm_controller::actors::ipc_handler[0m[2m:[0m Modbus IPC_Handler: raw msg =
{
  "type": "Action",
  "action": {
    "name": "tank_list",
    "type": "GetData",
    "args": {
      "ids": [],
      "fields": "All"
    },
    "target": {
      "type": "Data",
      "data_ns": "Tank"
    }
  },
  "id": 3123899070,
  "guaranteed": null,
  "send_at": null,
  "from_user": "admin",
  "from_module": null,
  "with_roles": [
    "operator",
    "engineer",
    "admin"
  ],
  "in_group": null,
  "in_process": null,
  "in_device": null,
  "for_module": null,
  "for_user": null
}
[2m2026-02-18T11:13:43.924752Z[0m [32m INFO[0m [1mActor[0m[1m{[0m[3mid[0m[2m=[0m"0.8"
 [3mname[0m[2m=[0m"ClientIpcHandler"[1m}[0m[2m:[0m [2mikm_controller::actors::ipc_handler[0m[2m:[0m Modbus IPC_Handler: action.name=Some("tank_list"), kind=GetData, target.module_name=None, data_ns=Some("Tank")
[2m2026-02-18T11:13:43.924860Z[0m [32m INFO[0m [1mActor[0m[1m{[0m[3mid[0m[2m=[0m"0.8"
 [3mname[0m[2m=[0m"ClientIpcHandler"[1m}[0m[2m:[0m [2mikm_controller::actors::ipc_handler[0m[2m:[0m tank_list: отправляем ответ в ipc_router
[2m2026-02-18T11:13:46.899989Z[0m [32m INFO[0m [2mtaxon_core::actors::ipc::http_actor[0m[2m:[0m recv msg from ws
[2m2026-02-18T11:13:46.900060Z[0m [32m INFO[0m [2mtaxon_core::actors::ipc::http_actor[0m[2m:[0m send ws message to handler
[2m2026-02-18T11:13:46.900120Z[0m [32m INFO[0m [1mActor[0m[1m{[0m[3mid[0m[2m=[0m"0.8"
 [3mname[0m[2m=[0m"ClientIpcHandler"[1m}[0m[2m:[0m [2mikm_controller::actors::ipc_handler[0m[2m:[0m Modbus IPC_Handler: получено IPC сообщение: peer=019c7074-383d-7c62-9cad-07967248e4fd, protocol=WS
[2m2026-02-18T11:13:46.900172Z[0m [32m INFO[0m [1mActor[0m[1m{[0m[3mid[0m[2m=[0m"0.8"
 [3mname[0m[2m=[0m"ClientIpcHandler"[1m}[0m[2m:[0m [2mikm_controller::actors::ipc_handler[0m[2m:[0m Modbus IPC_Handler: raw msg =
{
  "type": "Action",
  "action": {
    "name": "tank_list",
    "type": "GetData",
    "args": {
      "ids": [],
      "fields": "All"
    },
    "target": {
      "type": "Data",
      "data_ns": "Tank"
    }
  },
  "id": 3181221480,
  "guaranteed": null,
  "send_at": null,
  "from_user": "admin",
  "from_module": null,
  "with_roles": [
    "operator",
    "engineer",
    "admin"
  ],
  "in_group": null,
  "in_process": null,
  "in_device": null,
  "for_module": null,
  "for_user": null
}
[2m2026-02-18T11:13:46.900185Z[0m [32m INFO[0m [1mActor[0m[1m{[0m[3mid[0m[2m=[0m"0.8"
 [3mname[0m[2m=[0m"ClientIpcHandler"[1m}[0m[2m:[0m [2mikm_controller::actors::ipc_handler[0m[2m:[0m Modbus IPC_Handler: action.name=Some("tank_list"), kind=GetData, target.module_name=None, data_ns=Some("Tank")
[2m2026-02-18T11:13:46.900274Z[0m [32m INFO[0m [1mActor[0m[1m{[0m[3mid[0m[2m=[0m"0.8"
 [3mname[0m[2m=[0m"ClientIpcHandler"[1m}[0m[2m:[0m [2mikm_controller::actors::ipc_handler[0m[2m:[0m tank_list: отправляем ответ в ipc_router
[2m2026-02-18T11:13:49.906585Z[0m [32m INFO[0m [2mtaxon_core::actors::ipc::http_actor[0m[2m:[0m recv msg from ws
[2m2026-02-18T11:13:49.906648Z[0m [32m INFO[0m [2mtaxon_core::actors::ipc::http_actor[0m[2m:[0m send ws message to handler
[2m2026-02-18T11:13:49.906716Z[0m [32m INFO[0m [1mActor[0m[1m{[0m[3mid[0m[2m=[0m"0.8"
 [3mname[0m[2m=[0m"ClientIpcHandler"[1m}[0m[2m:[0m [2mikm_controller::actors::ipc_handler[0m[2m:[0m Modbus IPC_Handler: получено IPC сообщение: peer=019c7074-383d-7c62-9cad-07967248e4fd, protocol=WS
[2m2026-02-18T11:13:49.906771Z[0m [32m INFO[0m [1mActor[0m[1m{[0m[3mid[0m[2m=[0m"0.8"
 [3mname[0m[2m=[0m"ClientIpcHandler"[1m}[0m[2m:[0m [2mikm_controller::actors::ipc_handler[0m[2m:[0m Modbus IPC_Handler: raw msg =
{
  "type": "Action",
  "action": {
    "name": "tank_list",
    "type": "GetData",
    "args": {
      "ids": [],
      "fields": "All"
    },
    "target": {
      "type": "Data",
      "data_ns": "Tank"
    }
  },
  "id": 2799873060,
  "guaranteed": null,
  "send_at": null,
  "from_user": "admin",
  "from_module": null,
  "with_roles": [
    "operator",
    "engineer",
    "admin"
  ],
  "in_group": null,
  "in_process": null,
  "in_device": null,
  "for_module": null,
  "for_user": null
}
[2m2026-02-18T11:13:49.906793Z[0m [32m INFO[0m [1mActor[0m[1m{[0m[3mid[0m[2m=[0m"0.8"
 [3mname[0m[2m=[0m"ClientIpcHandler"[1m}[0m[2m:[0m [2mikm_controller::actors::ipc_handler[0m[2m:[0m Modbus IPC_Handler: action.name=Some("tank_list"), kind=GetData, target.module_name=None, data_ns=Some("Tank")
[2m2026-02-18T11:13:49.906882Z[0m [32m INFO[0m [1mActor[0m[1m{[0m[3mid[0m[2m=[0m"0.8"
 [3mname[0m[2m=[0m"ClientIpcHandler"[1m}[0m[2m:[0m [2mikm_controller::actors::ipc_handler[0m[2m:[0m tank_list: отправляем ответ в ipc_router
[2m2026-02-18T11:13:52.905708Z[0m [32m INFO[0m [2mtaxon_core::actors::ipc::http_actor[0m[2m:[0m recv msg from ws
[2m2026-02-18T11:13:52.905775Z[0m [32m INFO[0m [2mtaxon_core::actors::ipc::http_actor[0m[2m:[0m send ws message to handler
[2m2026-02-18T11:13:52.905834Z[0m [32m INFO[0m [1mActor[0m[1m{[0m[3mid[0m[2m=[0m"0.8"
 [3mname[0m[2m=[0m"ClientIpcHandler"[1m}[0m[2m:[0m [2mikm_controller::actors::ipc_handler[0m[2m:[0m Modbus IPC_Handler: получено IPC сообщение: peer=019c7074-383d-7c62-9cad-07967248e4fd, protocol=WS
[2m2026-02-18T11:13:52.905883Z[0m [32m INFO[0m [1mActor[0m[1m{[0m[3mid[0m[2m=[0m"0.8"
 [3mname[0m[2m=[0m"ClientIpcHandler"[1m}[0m[2m:[0m [2mikm_controller::actors::ipc_handler[0m[2m:[0m Modbus IPC_Handler: raw msg =
{
  "type": "Action",
  "action": {
    "name": "tank_list",
    "type": "GetData",
    "args": {
      "ids": [],
      "fields": "All"
    },
    "target": {
      "type": "Data",
      "data_ns": "Tank"
    }
  },
  "id": 2495542031,
  "guaranteed": null,
  "send_at": null,
  "from_user": "admin",
  "from_module": null,
  "with_roles": [
    "operator",
    "engineer",
    "admin"
  ],
  "in_group": null,
  "in_process": null,
  "in_device": null,
  "for_module": null,
  "for_user": null
}
[2m2026-02-18T11:13:52.905895Z[0m [32m INFO[0m [1mActor[0m[1m{[0m[3mid[0m[2m=[0m"0.8"
 [3mname[0m[2m=[0m"ClientIpcHandler"[1m}[0m[2m:[0m [2mikm_controller::actors::ipc_handler[0m[2m:[0m Modbus IPC_Handler: action.name=Some("tank_list"), kind=GetData, target.module_name=None, data_ns=Some("Tank")
[2m2026-02-18T11:13:52.906006Z[0m [32m INFO[0m [1mActor[0m[1m{[0m[3mid[0m[2m=[0m"0.8"
 [3mname[0m[2m=[0m"ClientIpcHandler"[1m}[0m[2m:[0m [2mikm_controller::actors::ipc_handler[0m[2m:[0m tank_list: отправляем ответ в ipc_router
[2m2026-02-18T11:13:55.896672Z[0m [32m INFO[0m [2mtaxon_core::actors::ipc::http_actor[0m[2m:[0m recv msg from ws
[2m2026-02-18T11:13:55.896742Z[0m [32m INFO[0m [2mtaxon_core::actors::ipc::http_actor[0m[2m:[0m send ws message to handler
[2m2026-02-18T11:13:55.896801Z[0m [32m INFO[0m [1mActor[0m[1m{[0m[3mid[0m[2m=[0m"0.8"
 [3mname[0m[2m=[0m"ClientIpcHandler"[1m}[0m[2m:[0m [2mikm_controller::actors::ipc_handler[0m[2m:[0m Modbus IPC_Handler: получено IPC сообщение: peer=019c7074-383d-7c62-9cad-07967248e4fd, protocol=WS
[2m2026-02-18T11:13:55.896842Z[0m [32m INFO[0m [1mActor[0m[1m{[0m[3mid[0m[2m=[0m"0.8"
 [3mname[0m[2m=[0m"ClientIpcHandler"[1m}[0m[2m:[0m [2mikm_controller::actors::ipc_handler[0m[2m:[0m Modbus IPC_Handler: raw msg =
{
  "type": "Action",
  "action": {
    "name": "tank_list",
    "type": "GetData",
    "args": {
      "ids": [],
      "fields": "All"
    },
    "target": {
      "type": "Data",
      "data_ns": "Tank"
    }
  },
  "id": 1146454969,
  "guaranteed": null,
  "send_at": null,
  "from_user": "admin",
  "from_module": null,
  "with_roles": [
    "operator",
    "engineer",
    "admin"
  ],
  "in_group": null,
  "in_process": null,
  "in_device": null,
  "for_module": null,
  "for_user": null
}
[2m2026-02-18T11:13:55.896850Z[0m [32m INFO[0m [1mActor[0m[1m{[0m[3mid[0m[2m=[0m"0.8"
 [3mname[0m[2m=[0m"ClientIpcHandler"[1m}[0m[2m:[0m [2mikm_controller::actors::ipc_handler[0m[2m:[0m Modbus IPC_Handler: action.name=Some("tank_list"), kind=GetData, target.module_name=None, data_ns=Some("Tank")
[2m2026-02-18T11:13:55.896959Z[0m [32m INFO[0m [1mActor[0m[1m{[0m[3mid[0m[2m=[0m"0.8"
 [3mname[0m[2m=[0m"ClientIpcHandler"[1m}[0m[2m:[0m [2mikm_controller::actors::ipc_handler[0m[2m:[0m tank_list: отправляем ответ в ipc_router
[2m2026-02-18T11:13:58.901413Z[0m [32m INFO[0m [2mtaxon_core::actors::ipc::http_actor[0m[2m:[0m recv msg from ws
[2m2026-02-18T11:13:58.901484Z[0m [32m INFO[0m [2mtaxon_core::actors::ipc::http_actor[0m[2m:[0m send ws message to handler
[2m2026-02-18T11:13:58.901667Z[0m [32m INFO[0m [1mActor[0m[1m{[0m[3mid[0m[2m=[0m"0.8"
 [3mname[0m[2m=[0m"ClientIpcHandler"[1m}[0m[2m:[0m [2mikm_controller::actors::ipc_handler[0m[2m:[0m Modbus IPC_Handler: получено IPC сообщение: peer=019c7074-383d-7c62-9cad-07967248e4fd, protocol=WS
[2m2026-02-18T11:13:58.901711Z[0m [32m INFO[0m [1mActor[0m[1m{[0m[3mid[0m[2m=[0m"0.8"
 [3mname[0m[2m=[0m"ClientIpcHandler"[1m}[0m[2m:[0m [2mikm_controller::actors::ipc_handler[0m[2m:[0m Modbus IPC_Handler: raw msg =
{
  "type": "Action",
  "action": {
    "name": "tank_list",
    "type": "GetData",
    "args": {
      "ids": [],
      "fields": "All"
    },
    "target": {
      "type": "Data",
      "data_ns": "Tank"
    }
  },
  "id": 2737117008,
  "guaranteed": null,
  "send_at": null,
  "from_user": "admin",
  "from_module": null,
  "with_roles": [
    "operator",
    "engineer",
    "admin"
  ],
  "in_group": null,
  "in_process": null,
  "in_device": null,
  "for_module": null,
  "for_user": null
}
[2m2026-02-18T11:13:58.901720Z[0m [32m INFO[0m [1mActor[0m[1m{[0m[3mid[0m[2m=[0m"0.8"
 [3mname[0m[2m=[0m"ClientIpcHandler"[1m}[0m[2m:[0m [2mikm_controller::actors::ipc_handler[0m[2m:[0m Modbus IPC_Handler: action.name=Some("tank_list"), kind=GetData, target.module_name=None, data_ns=Some("Tank")
[2m2026-02-18T11:13:58.901863Z[0m [32m INFO[0m [1mActor[0m[1m{[0m[3mid[0m[2m=[0m"0.8"
 [3mname[0m[2m=[0m"ClientIpcHandler"[1m}[0m[2m:[0m [2mikm_controller::actors::ipc_handler[0m[2m:[0m tank_list: отправляем ответ в ipc_router
[2m2026-02-18T11:14:01.896577Z[0m [32m INFO[0m [2mtaxon_core::actors::ipc::http_actor[0m[2m:[0m recv msg from ws
[2m2026-02-18T11:14:01.896644Z[0m [32m INFO[0m [2mtaxon_core::actors::ipc::http_actor[0m[2m:[0m send ws message to handler
[2m2026-02-18T11:14:01.896707Z[0m [32m INFO[0m [1mActor[0m[1m{[0m[3mid[0m[2m=[0m"0.8"
 [3mname[0m[2m=[0m"ClientIpcHandler"[1m}[0m[2m:[0m [2mikm_controller::actors::ipc_handler[0m[2m:[0m Modbus IPC_Handler: получено IPC сообщение: peer=019c7074-383d-7c62-9cad-07967248e4fd, protocol=WS
[2m2026-02-18T11:14:01.896748Z[0m [32m INFO[0m [1mActor[0m[1m{[0m[3mid[0m[2m=[0m"0.8"
 [3mname[0m[2m=[0m"ClientIpcHandler"[1m}[0m[2m:[0m [2mikm_controller::actors::ipc_handler[0m[2m:[0m Modbus IPC_Handler: raw msg =
{
  "type": "Action",
  "action": {
    "name": "tank_list",
    "type": "GetData",
    "args": {
      "ids": [],
      "fields": "All"
    },
    "target": {
      "type": "Data",
      "data_ns": "Tank"
    }
  },
  "id": 3471818454,
  "guaranteed": null,
  "send_at": null,
  "from_user": "admin",
  "from_module": null,
  "with_roles": [
    "operator",
    "engineer",
    "admin"
  ],
  "in_group": null,
  "in_process": null,
  "in_device": null,
  "for_module": null,
  "for_user": null
}
[2m2026-02-18T11:14:01.896756Z[0m [32m INFO[0m [1mActor[0m[1m{[0m[3mid[0m[2m=[0m"0.8"
 [3mname[0m[2m=[0m"ClientIpcHandler"[1m}[0m[2m:[0m [2mikm_controller::actors::ipc_handler[0m[2m:[0m Modbus IPC_Handler: action.name=Some("tank_list"), kind=GetData, target.module_name=None, data_ns=Some("Tank")
[2m2026-02-18T11:14:01.896841Z[0m [32m INFO[0m [1mActor[0m[1m{[0m[3mid[0m[2m=[0m"0.8"
 [3mname[0m[2m=[0m"ClientIpcHandler"[1m}[0m[2m:[0m [2mikm_controller::actors::ipc_handler[0m[2m:[0m tank_list: отправляем ответ в ipc_router
[2m2026-02-18T11:14:04.896563Z[0m [32m INFO[0m [2mtaxon_core::actors::ipc::http_actor[0m[2m:[0m recv msg from ws
[2m2026-02-18T11:14:04.896633Z[0m [32m INFO[0m [2mtaxon_core::actors::ipc::http_actor[0m[2m:[0m send ws message to handler
[2m2026-02-18T11:14:04.896754Z[0m [32m INFO[0m [1mActor[0m[1m{[0m[3mid[0m[2m=[0m"0.8"
 [3mname[0m[2m=[0m"ClientIpcHandler"[1m}[0m[2m:[0m [2mikm_controller::actors::ipc_handler[0m[2m:[0m Modbus IPC_Handler: получено IPC сообщение: peer=019c7074-383d-7c62-9cad-07967248e4fd, protocol=WS
[2m2026-02-18T11:14:04.896800Z[0m [32m INFO[0m [1mActor[0m[1m{[0m[3mid[0m[2m=[0m"0.8"
 [3mname[0m[2m=[0m"ClientIpcHandler"[1m}[0m[2m:[0m [2mikm_controller::actors::ipc_handler[0m[2m:[0m Modbus IPC_Handler: raw msg =
{
  "type": "Action",
  "action": {
    "name": "tank_list",
    "type": "GetData",
    "args": {
      "ids": [],
      "fields": "All"
    },
    "target": {
      "type": "Data",
      "data_ns": "Tank"
    }
  },
  "id": 718005151,
  "guaranteed": null,
  "send_at": null,
  "from_user": "admin",
  "from_module": null,
  "with_roles": [
    "operator",
    "engineer",
    "admin"
  ],
  "in_group": null,
  "in_process": null,
  "in_device": null,
  "for_module": null,
  "for_user": null
}
[2m2026-02-18T11:14:04.896809Z[0m [32m INFO[0m [1mActor[0m[1m{[0m[3mid[0m[2m=[0m"0.8"
 [3mname[0m[2m=[0m"ClientIpcHandler"[1m}[0m[2m:[0m [2mikm_controller::actors::ipc_handler[0m[2m:[0m Modbus IPC_Handler: action.name=Some("tank_list"), kind=GetData, target.module_name=None, data_ns=Some("Tank")
[2m2026-02-18T11:14:04.896897Z[0m [32m INFO[0m [1mActor[0m[1m{[0m[3mid[0m[2m=[0m"0.8"
 [3mname[0m[2m=[0m"ClientIpcHandler"[1m}[0m[2m:[0m [2mikm_controller::actors::ipc_handler[0m[2m:[0m tank_list: отправляем ответ в ipc_router
[2m2026-02-18T11:14:07.903579Z[0m [32m INFO[0m [2mtaxon_core::actors::ipc::http_actor[0m[2m:[0m recv msg from ws
[2m2026-02-18T11:14:07.903650Z[0m [32m INFO[0m [2mtaxon_core::actors::ipc::http_actor[0m[2m:[0m send ws message to handler
[2m2026-02-18T11:14:07.903792Z[0m [32m INFO[0m [1mActor[0m[1m{[0m[3mid[0m[2m=[0m"0.8"
 [3mname[0m[2m=[0m"ClientIpcHandler"[1m}[0m[2m:[0m [2mikm_controller::actors::ipc_handler[0m[2m:[0m Modbus IPC_Handler: получено IPC сообщение: peer=019c7074-383d-7c62-9cad-07967248e4fd, protocol=WS
[2m2026-02-18T11:14:07.903846Z[0m [32m INFO[0m [1mActor[0m[1m{[0m[3mid[0m[2m=[0m"0.8"
 [3mname[0m[2m=[0m"ClientIpcHandler"[1m}[0m[2m:[0m [2mikm_controller::actors::ipc_handler[0m[2m:[0m Modbus IPC_Handler: raw msg =
{
  "type": "Action",
  "action": {
    "name": "tank_list",
    "type": "GetData",
    "args": {
      "ids": [],
      "fields": "All"
    },
    "target": {
      "type": "Data",
      "data_ns": "Tank"
    }
  },
  "id": 376964734,
  "guaranteed": null,
  "send_at": null,
  "from_user": "admin",
  "from_module": null,
  "with_roles": [
    "operator",
    "engineer",
    "admin"
  ],
  "in_group": null,
  "in_process": null,
  "in_device": null,
  "for_module": null,
  "for_user": null
}
[2m2026-02-18T11:14:07.903859Z[0m [32m INFO[0m [1mActor[0m[1m{[0m[3mid[0m[2m=[0m"0.8"
 [3mname[0m[2m=[0m"ClientIpcHandler"[1m}[0m[2m:[0m [2mikm_controller::actors::ipc_handler[0m[2m:[0m Modbus IPC_Handler: action.name=Some("tank_list"), kind=GetData, target.module_name=None, data_ns=Some("Tank")
[2m2026-02-18T11:14:07.903999Z[0m [32m INFO[0m [1mActor[0m[1m{[0m[3mid[0m[2m=[0m"0.8"
 [3mname[0m[2m=[0m"ClientIpcHandler"[1m}[0m[2m:[0m [2mikm_controller::actors::ipc_handler[0m[2m:[0m tank_list: отправляем ответ в ipc_router
[2m2026-02-18T11:14:10.905871Z[0m [32m INFO[0m [2mtaxon_core::actors::ipc::http_actor[0m[2m:[0m recv msg from ws
[2m2026-02-18T11:14:10.905938Z[0m [32m INFO[0m [2mtaxon_core::actors::ipc::http_actor[0m[2m:[0m send ws message to handler
[2m2026-02-18T11:14:10.905989Z[0m [32m INFO[0m [1mActor[0m[1m{[0m[3mid[0m[2m=[0m"0.8"
 [3mname[0m[2m=[0m"ClientIpcHandler"[1m}[0m[2m:[0m [2mikm_controller::actors::ipc_handler[0m[2m:[0m Modbus IPC_Handler: получено IPC сообщение: peer=019c7074-383d-7c62-9cad-07967248e4fd, protocol=WS
[2m2026-02-18T11:14:10.906024Z[0m [32m INFO[0m [1mActor[0m[1m{[0m[3mid[0m[2m=[0m"0.8"
 [3mname[0m[2m=[0m"ClientIpcHandler"[1m}[0m[2m:[0m [2mikm_controller::actors::ipc_handler[0m[2m:[0m Modbus IPC_Handler: raw msg =
{
  "type": "Action",
  "action": {
    "name": "tank_list",
    "type": "GetData",
    "args": {
      "ids": [],
      "fields": "All"
    },
    "target": {
      "type": "Data",
      "data_ns": "Tank"
    }
  },
  "id": 950120636,
  "guaranteed": null,
  "send_at": null,
  "from_user": "admin",
  "from_module": null,
  "with_roles": [
    "operator",
    "engineer",
    "admin"
  ],
  "in_group": null,
  "in_process": null,
  "in_device": null,
  "for_module": null,
  "for_user": null
}
[2m2026-02-18T11:14:10.906031Z[0m [32m INFO[0m [1mActor[0m[1m{[0m[3mid[0m[2m=[0m"0.8"
 [3mname[0m[2m=[0m"ClientIpcHandler"[1m}[0m[2m:[0m [2mikm_controller::actors::ipc_handler[0m[2m:[0m Modbus IPC_Handler: action.name=Some("tank_list"), kind=GetData, target.module_name=None, data_ns=Some("Tank")
[2m2026-02-18T11:14:10.906114Z[0m [32m INFO[0m [1mActor[0m[1m{[0m[3mid[0m[2m=[0m"0.8"
 [3mname[0m[2m=[0m"ClientIpcHandler"[1m}[0m[2m:[0m [2mikm_controller::actors::ipc_handler[0m[2m:[0m tank_list: отправляем ответ в ipc_router
[2m2026-02-18T11:14:13.893896Z[0m [32m INFO[0m [2mtaxon_core::actors::ipc::http_actor[0m[2m:[0m recv msg from ws
[2m2026-02-18T11:14:13.893952Z[0m [32m INFO[0m [2mtaxon_core::actors::ipc::http_actor[0m[2m:[0m send ws message to handler
[2m2026-02-18T11:14:13.894077Z[0m [32m INFO[0m [1mActor[0m[1m{[0m[3mid[0m[2m=[0m"0.8"
 [3mname[0m[2m=[0m"ClientIpcHandler"[1m}[0m[2m:[0m [2mikm_controller::actors::ipc_handler[0m[2m:[0m Modbus IPC_Handler: получено IPC сообщение: peer=019c7074-383d-7c62-9cad-07967248e4fd, protocol=WS
[2m2026-02-18T11:14:13.894115Z[0m [32m INFO[0m [1mActor[0m[1m{[0m[3mid[0m[2m=[0m"0.8"
 [3mname[0m[2m=[0m"ClientIpcHandler"[1m}[0m[2m:[0m [2mikm_controller::actors::ipc_handler[0m[2m:[0m Modbus IPC_Handler: raw msg =
{
  "type": "Action",
  "action": {
    "name": "tank_list",
    "type": "GetData",
    "args": {
      "ids": [],
      "fields": "All"
    },
    "target": {
      "type": "Data",
      "data_ns": "Tank"
    }
  },
  "id": 971302969,
  "guaranteed": null,
  "send_at": null,
  "from_user": "admin",
  "from_module": null,
  "with_roles": [
    "operator",
    "engineer",
    "admin"
  ],
  "in_group": null,
  "in_process": null,
  "in_device": null,
  "for_module": null,
  "for_user": null
}
[2m2026-02-18T11:14:13.894122Z[0m [32m INFO[0m [1mActor[0m[1m{[0m[3mid[0m[2m=[0m"0.8"
 [3mname[0m[2m=[0m"ClientIpcHandler"[1m}[0m[2m:[0m [2mikm_controller::actors::ipc_handler[0m[2m:[0m Modbus IPC_Handler: action.name=Some("tank_list"), kind=GetData, target.module_name=None, data_ns=Some("Tank")
[2m2026-02-18T11:14:13.894229Z[0m [32m INFO[0m [1mActor[0m[1m{[0m[3mid[0m[2m=[0m"0.8"
 [3mname[0m[2m=[0m"ClientIpcHandler"[1m}[0m[2m:[0m [2mikm_controller::actors::ipc_handler[0m[2m:[0m tank_list: отправляем ответ в ipc_router
[2m2026-02-18T11:14:16.891832Z[0m [32m INFO[0m [2mtaxon_core::actors::ipc::http_actor[0m[2m:[0m recv msg from ws
[2m2026-02-18T11:14:16.891901Z[0m [32m INFO[0m [2mtaxon_core::actors::ipc::http_actor[0m[2m:[0m send ws message to handler
[2m2026-02-18T11:14:16.891997Z[0m [32m INFO[0m [1mActor[0m[1m{[0m[3mid[0m[2m=[0m"0.8"
 [3mname[0m[2m=[0m"ClientIpcHandler"[1m}[0m[2m:[0m [2mikm_controller::actors::ipc_handler[0m[2m:[0m Modbus IPC_Handler: получено IPC сообщение: peer=019c7074-383d-7c62-9cad-07967248e4fd, protocol=WS
[2m2026-02-18T11:14:16.892057Z[0m [32m INFO[0m [1mActor[0m[1m{[0m[3mid[0m[2m=[0m"0.8"
 [3mname[0m[2m=[0m"ClientIpcHandler"[1m}[0m[2m:[0m [2mikm_controller::actors::ipc_handler[0m[2m:[0m Modbus IPC_Handler: raw msg =
{
  "type": "Action",
  "action": {
    "name": "tank_list",
    "type": "GetData",
    "args": {
      "ids": [],
      "fields": "All"
    },
    "target": {
      "type": "Data",
      "data_ns": "Tank"
    }
  },
  "id": 3630758966,
  "guaranteed": null,
  "send_at": null,
  "from_user": "admin",
  "from_module": null,
  "with_roles": [
    "operator",
    "engineer",
    "admin"
  ],
  "in_group": null,
  "in_process": null,
  "in_device": null,
  "for_module": null,
  "for_user": null
}
[2m2026-02-18T11:14:16.892069Z[0m [32m INFO[0m [1mActor[0m[1m{[0m[3mid[0m[2m=[0m"0.8"
 [3mname[0m[2m=[0m"ClientIpcHandler"[1m}[0m[2m:[0m [2mikm_controller::actors::ipc_handler[0m[2m:[0m Modbus IPC_Handler: action.name=Some("tank_list"), kind=GetData, target.module_name=None, data_ns=Some("Tank")
[2m2026-02-18T11:14:16.892194Z[0m [32m INFO[0m [1mActor[0m[1m{[0m[3mid[0m[2m=[0m"0.8"
 [3mname[0m[2m=[0m"ClientIpcHandler"[1m}[0m[2m:[0m [2mikm_controller::actors::ipc_handler[0m[2m:[0m tank_list: отправляем ответ в ipc_router
[2m2026-02-18T11:14:19.915582Z[0m [32m INFO[0m [2mtaxon_core::actors::ipc::http_actor[0m[2m:[0m recv msg from ws
[2m2026-02-18T11:14:19.915651Z[0m [32m INFO[0m [2mtaxon_core::actors::ipc::http_actor[0m[2m:[0m send ws message to handler
[2m2026-02-18T11:14:19.915791Z[0m [32m INFO[0m [1mActor[0m[1m{[0m[3mid[0m[2m=[0m"0.8"
 [3mname[0m[2m=[0m"ClientIpcHandler"[1m}[0m[2m:[0m [2mikm_controller::actors::ipc_handler[0m[2m:[0m Modbus IPC_Handler: получено IPC сообщение: peer=019c7074-383d-7c62-9cad-07967248e4fd, protocol=WS
[2m2026-02-18T11:14:19.915841Z[0m [32m INFO[0m [1mActor[0m[1m{[0m[3mid[0m[2m=[0m"0.8"
 [3mname[0m[2m=[0m"ClientIpcHandler"[1m}[0m[2m:[0m [2mikm_controller::actors::ipc_handler[0m[2m:[0m Modbus IPC_Handler: raw msg =
{
  "type": "Action",
  "action": {
    "name": "tank_list",
    "type": "GetData",
    "args": {
      "ids": [],
      "fields": "All"
    },
    "target": {
      "type": "Data",
      "data_ns": "Tank"
    }
  },
  "id": 4200952842,
  "guaranteed": null,
  "send_at": null,
  "from_user": "admin",
  "from_module": null,
  "with_roles": [
    "operator",
    "engineer",
    "admin"
  ],
  "in_group": null,
  "in_process": null,
  "in_device": null,
  "for_module": null,
  "for_user": null
}
[2m2026-02-18T11:14:19.915850Z[0m [32m INFO[0m [1mActor[0m[1m{[0m[3mid[0m[2m=[0m"0.8"
 [3mname[0m[2m=[0m"ClientIpcHandler"[1m}[0m[2m:[0m [2mikm_controller::actors::ipc_handler[0m[2m:[0m Modbus IPC_Handler: action.name=Some("tank_list"), kind=GetData, target.module_name=None, data_ns=Some("Tank")
[2m2026-02-18T11:14:19.915940Z[0m [32m INFO[0m [1mActor[0m[1m{[0m[3mid[0m[2m=[0m"0.8"
 [3mname[0m[2m=[0m"ClientIpcHandler"[1m}[0m[2m:[0m [2mikm_controller::actors::ipc_handler[0m[2m:[0m tank_list: отправляем ответ в ipc_router
[2m2026-02-18T11:14:22.908379Z[0m [32m INFO[0m [2mtaxon_core::actors::ipc::http_actor[0m[2m:[0m recv msg from ws
[2m2026-02-18T11:14:22.908437Z[0m [32m INFO[0m [2mtaxon_core::actors::ipc::http_actor[0m[2m:[0m send ws message to handler
[2m2026-02-18T11:14:22.908489Z[0m [32m INFO[0m [1mActor[0m[1m{[0m[3mid[0m[2m=[0m"0.8"
 [3mname[0m[2m=[0m"ClientIpcHandler"[1m}[0m[2m:[0m [2mikm_controller::actors::ipc_handler[0m[2m:[0m Modbus IPC_Handler: получено IPC сообщение: peer=019c7074-383d-7c62-9cad-07967248e4fd, protocol=WS
[2m2026-02-18T11:14:22.908534Z[0m [32m INFO[0m [1mActor[0m[1m{[0m[3mid[0m[2m=[0m"0.8"
 [3mname[0m[2m=[0m"ClientIpcHandler"[1m}[0m[2m:[0m [2mikm_controller::actors::ipc_handler[0m[2m:[0m Modbus IPC_Handler: raw msg =
{
  "type": "Action",
  "action": {
    "name": "tank_list",
    "type": "GetData",
    "args": {
      "ids": [],
      "fields": "All"
    },
    "target": {
      "type": "Data",
      "data_ns": "Tank"
    }
  },
  "id": 4118608703,
  "guaranteed": null,
  "send_at": null,
  "from_user": "admin",
  "from_module": null,
  "with_roles": [
    "operator",
    "engineer",
    "admin"
  ],
  "in_group": null,
  "in_process": null,
  "in_device": null,
  "for_module": null,
  "for_user": null
}
[2m2026-02-18T11:14:22.908555Z[0m [32m INFO[0m [1mActor[0m[1m{[0m[3mid[0m[2m=[0m"0.8"
 [3mname[0m[2m=[0m"ClientIpcHandler"[1m}[0m[2m:[0m [2mikm_controller::actors::ipc_handler[0m[2m:[0m Modbus IPC_Handler: action.name=Some("tank_list"), kind=GetData, target.module_name=None, data_ns=Some("Tank")
[2m2026-02-18T11:14:22.908663Z[0m [32m INFO[0m [1mActor[0m[1m{[0m[3mid[0m[2m=[0m"0.8"
 [3mname[0m[2m=[0m"ClientIpcHandler"[1m}[0m[2m:[0m [2mikm_controller::actors::ipc_handler[0m[2m:[0m tank_list: отправляем ответ в ipc_router
[2m2026-02-18T11:14:25.900901Z[0m [32m INFO[0m [2mtaxon_core::actors::ipc::http_actor[0m[2m:[0m recv msg from ws
[2m2026-02-18T11:14:25.900959Z[0m [32m INFO[0m [2mtaxon_core::actors::ipc::http_actor[0m[2m:[0m send ws message to handler
[2m2026-02-18T11:14:25.901079Z[0m [32m INFO[0m [1mActor[0m[1m{[0m[3mid[0m[2m=[0m"0.8"
 [3mname[0m[2m=[0m"ClientIpcHandler"[1m}[0m[2m:[0m [2mikm_controller::actors::ipc_handler[0m[2m:[0m Modbus IPC_Handler: получено IPC сообщение: peer=019c7074-383d-7c62-9cad-07967248e4fd, protocol=WS
[2m2026-02-18T11:14:25.901115Z[0m [32m INFO[0m [1mActor[0m[1m{[0m[3mid[0m[2m=[0m"0.8"
 [3mname[0m[2m=[0m"ClientIpcHandler"[1m}[0m[2m:[0m [2mikm_controller::actors::ipc_handler[0m[2m:[0m Modbus IPC_Handler: raw msg =
{
  "type": "Action",
  "action": {
    "name": "tank_list",
    "type": "GetData",
    "args": {
      "ids": [],
      "fields": "All"
    },
    "target": {
      "type": "Data",
      "data_ns": "Tank"
    }
  },
  "id": 3487100254,
  "guaranteed": null,
  "send_at": null,
  "from_user": "admin",
  "from_module": null,
  "with_roles": [
    "operator",
    "engineer",
    "admin"
  ],
  "in_group": null,
  "in_process": null,
  "in_device": null,
  "for_module": null,
  "for_user": null
}
[2m2026-02-18T11:14:25.901123Z[0m [32m INFO[0m [1mActor[0m[1m{[0m[3mid[0m[2m=[0m"0.8"
 [3mname[0m[2m=[0m"ClientIpcHandler"[1m}[0m[2m:[0m [2mikm_controller::actors::ipc_handler[0m[2m:[0m Modbus IPC_Handler: action.name=Some("tank_list"), kind=GetData, target.module_name=None, data_ns=Some("Tank")
[2m2026-02-18T11:14:25.901235Z[0m [32m INFO[0m [1mActor[0m[1m{[0m[3mid[0m[2m=[0m"0.8"
 [3mname[0m[2m=[0m"ClientIpcHandler"[1m}[0m[2m:[0m [2mikm_controller::actors::ipc_handler[0m[2m:[0m tank_list: отправляем ответ в ipc_router
[2m2026-02-18T11:14:28.892934Z[0m [32m INFO[0m [2mtaxon_core::actors::ipc::http_actor[0m[2m:[0m recv msg from ws
[2m2026-02-18T11:14:28.893017Z[0m [32m INFO[0m [2mtaxon_core::actors::ipc::http_actor[0m[2m:[0m send ws message to handler
[2m2026-02-18T11:14:28.893110Z[0m [32m INFO[0m [1mActor[0m[1m{[0m[3mid[0m[2m=[0m"0.8"
 [3mname[0m[2m=[0m"ClientIpcHandler"[1m}[0m[2m:[0m [2mikm_controller::actors::ipc_handler[0m[2m:[0m Modbus IPC_Handler: получено IPC сообщение: peer=019c7074-383d-7c62-9cad-07967248e4fd, protocol=WS
[2m2026-02-18T11:14:28.893151Z[0m [32m INFO[0m [1mActor[0m[1m{[0m[3mid[0m[2m=[0m"0.8"
 [3mname[0m[2m=[0m"ClientIpcHandler"[1m}[0m[2m:[0m [2mikm_controller::actors::ipc_handler[0m[2m:[0m Modbus IPC_Handler: raw msg =
{
  "type": "Action",
  "action": {
    "name": "tank_list",
    "type": "GetData",
    "args": {
      "ids": [],
      "fields": "All"
    },
    "target": {
      "type": "Data",
      "data_ns": "Tank"
    }
  },
  "id": 2899029734,
  "guaranteed": null,
  "send_at": null,
  "from_user": "admin",
  "from_module": null,
  "with_roles": [
    "operator",
    "engineer",
    "admin"
  ],
  "in_group": null,
  "in_process": null,
  "in_device": null,
  "for_module": null,
  "for_user": null
}
[2m2026-02-18T11:14:28.893168Z[0m [32m INFO[0m [1mActor[0m[1m{[0m[3mid[0m[2m=[0m"0.8"
 [3mname[0m[2m=[0m"ClientIpcHandler"[1m}[0m[2m:[0m [2mikm_controller::actors::ipc_handler[0m[2m:[0m Modbus IPC_Handler: action.name=Some("tank_list"), kind=GetData, target.module_name=None, data_ns=Some("Tank")
[2m2026-02-18T11:14:28.893252Z[0m [32m INFO[0m [1mActor[0m[1m{[0m[3mid[0m[2m=[0m"0.8"
 [3mname[0m[2m=[0m"ClientIpcHandler"[1m}[0m[2m:[0m [2mikm_controller::actors::ipc_handler[0m[2m:[0m tank_list: отправляем ответ в ipc_router
[2m2026-02-18T11:14:31.904146Z[0m [32m INFO[0m [2mtaxon_core::actors::ipc::http_actor[0m[2m:[0m recv msg from ws
[2m2026-02-18T11:14:31.904208Z[0m [32m INFO[0m [2mtaxon_core::actors::ipc::http_actor[0m[2m:[0m send ws message to handler
[2m2026-02-18T11:14:31.904261Z[0m [32m INFO[0m [1mActor[0m[1m{[0m[3mid[0m[2m=[0m"0.8"
 [3mname[0m[2m=[0m"ClientIpcHandler"[1m}[0m[2m:[0m [2mikm_controller::actors::ipc_handler[0m[2m:[0m Modbus IPC_Handler: получено IPC сообщение: peer=019c7074-383d-7c62-9cad-07967248e4fd, protocol=WS
[2m2026-02-18T11:14:31.904300Z[0m [32m INFO[0m [1mActor[0m[1m{[0m[3mid[0m[2m=[0m"0.8"
 [3mname[0m[2m=[0m"ClientIpcHandler"[1m}[0m[2m:[0m [2mikm_controller::actors::ipc_handler[0m[2m:[0m Modbus IPC_Handler: raw msg =
{
  "type": "Action",
  "action": {
    "name": "tank_list",
    "type": "GetData",
    "args": {
      "ids": [],
      "fields": "All"
    },
    "target": {
      "type": "Data",
      "data_ns": "Tank"
    }
  },
  "id": 3609385269,
  "guaranteed": null,
  "send_at": null,
  "from_user": "admin",
  "from_module": null,
  "with_roles": [
    "operator",
    "engineer",
    "admin"
  ],
  "in_group": null,
  "in_process": null,
  "in_device": null,
  "for_module": null,
  "for_user": null
}
[2m2026-02-18T11:14:31.904307Z[0m [32m INFO[0m [1mActor[0m[1m{[0m[3mid[0m[2m=[0m"0.8"
 [3mname[0m[2m=[0m"ClientIpcHandler"[1m}[0m[2m:[0m [2mikm_controller::actors::ipc_handler[0m[2m:[0m Modbus IPC_Handler: action.name=Some("tank_list"), kind=GetData, target.module_name=None, data_ns=Some("Tank")
[2m2026-02-18T11:14:31.904397Z[0m [32m INFO[0m [1mActor[0m[1m{[0m[3mid[0m[2m=[0m"0.8"
 [3mname[0m[2m=[0m"ClientIpcHandler"[1m}[0m[2m:[0m [2mikm_controller::actors::ipc_handler[0m[2m:[0m tank_list: отправляем ответ в ipc_router
[2m2026-02-18T11:14:34.897168Z[0m [32m INFO[0m [2mtaxon_core::actors::ipc::http_actor[0m[2m:[0m recv msg from ws
[2m2026-02-18T11:14:34.897240Z[0m [32m INFO[0m [2mtaxon_core::actors::ipc::http_actor[0m[2m:[0m send ws message to handler
[2m2026-02-18T11:14:34.897479Z[0m [32m INFO[0m [1mActor[0m[1m{[0m[3mid[0m[2m=[0m"0.8"
 [3mname[0m[2m=[0m"ClientIpcHandler"[1m}[0m[2m:[0m [2mikm_controller::actors::ipc_handler[0m[2m:[0m Modbus IPC_Handler: получено IPC сообщение: peer=019c7074-383d-7c62-9cad-07967248e4fd, protocol=WS
[2m2026-02-18T11:14:34.897522Z[0m [32m INFO[0m [1mActor[0m[1m{[0m[3mid[0m[2m=[0m"0.8"
 [3mname[0m[2m=[0m"ClientIpcHandler"[1m}[0m[2m:[0m [2mikm_controller::actors::ipc_handler[0m[2m:[0m Modbus IPC_Handler: raw msg =
{
  "type": "Action",
  "action": {
    "name": "tank_list",
    "type": "GetData",
    "args": {
      "ids": [],
      "fields": "All"
    },
    "target": {
      "type": "Data",
      "data_ns": "Tank"
    }
  },
  "id": 2093834494,
  "guaranteed": null,
  "send_at": null,
  "from_user": "admin",
  "from_module": null,
  "with_roles": [
    "operator",
    "engineer",
    "admin"
  ],
  "in_group": null,
  "in_process": null,
  "in_device": null,
  "for_module": null,
  "for_user": null
}
[2m2026-02-18T11:14:34.897536Z[0m [32m INFO[0m [1mActor[0m[1m{[0m[3mid[0m[2m=[0m"0.8"
 [3mname[0m[2m=[0m"ClientIpcHandler"[1m}[0m[2m:[0m [2mikm_controller::actors::ipc_handler[0m[2m:[0m Modbus IPC_Handler: action.name=Some("tank_list"), kind=GetData, target.module_name=None, data_ns=Some("Tank")
[2m2026-02-18T11:14:34.897644Z[0m [32m INFO[0m [1mActor[0m[1m{[0m[3mid[0m[2m=[0m"0.8"
 [3mname[0m[2m=[0m"ClientIpcHandler"[1m}[0m[2m:[0m [2mikm_controller::actors::ipc_handler[0m[2m:[0m tank_list: отправляем ответ в ipc_router
[2m2026-02-18T11:14:37.902951Z[0m [32m INFO[0m [2mtaxon_core::actors::ipc::http_actor[0m[2m:[0m recv msg from ws
[2m2026-02-18T11:14:37.903007Z[0m [32m INFO[0m [2mtaxon_core::actors::ipc::http_actor[0m[2m:[0m send ws message to handler
[2m2026-02-18T11:14:37.903058Z[0m [32m INFO[0m [1mActor[0m[1m{[0m[3mid[0m[2m=[0m"0.8"
 [3mname[0m[2m=[0m"ClientIpcHandler"[1m}[0m[2m:[0m [2mikm_controller::actors::ipc_handler[0m[2m:[0m Modbus IPC_Handler: получено IPC сообщение: peer=019c7074-383d-7c62-9cad-07967248e4fd, protocol=WS
[2m2026-02-18T11:14:37.903093Z[0m [32m INFO[0m [1mActor[0m[1m{[0m[3mid[0m[2m=[0m"0.8"
 [3mname[0m[2m=[0m"ClientIpcHandler"[1m}[0m[2m:[0m [2mikm_controller::actors::ipc_handler[0m[2m:[0m Modbus IPC_Handler: raw msg =
{
  "type": "Action",
  "action": {
    "name": "tank_list",
    "type": "GetData",
    "args": {
      "ids": [],
      "fields": "All"
    },
    "target": {
      "type": "Data",
      "data_ns": "Tank"
    }
  },
  "id": 338000453,
  "guaranteed": null,
  "send_at": null,
  "from_user": "admin",
  "from_module": null,
  "with_roles": [
    "operator",
    "engineer",
    "admin"
  ],
  "in_group": null,
  "in_process": null,
  "in_device": null,
  "for_module": null,
  "for_user": null
}
[2m2026-02-18T11:14:37.903099Z[0m [32m INFO[0m [1mActor[0m[1m{[0m[3mid[0m[2m=[0m"0.8"
 [3mname[0m[2m=[0m"ClientIpcHandler"[1m}[0m[2m:[0m [2mikm_controller::actors::ipc_handler[0m[2m:[0m Modbus IPC_Handler: action.name=Some("tank_list"), kind=GetData, target.module_name=None, data_ns=Some("Tank")
[2m2026-02-18T11:14:37.903182Z[0m [32m INFO[0m [1mActor[0m[1m{[0m[3mid[0m[2m=[0m"0.8"
 [3mname[0m[2m=[0m"ClientIpcHandler"[1m}[0m[2m:[0m [2mikm_controller::actors::ipc_handler[0m[2m:[0m tank_list: отправляем ответ в ipc_router
[2m2026-02-18T11:14:40.898201Z[0m [32m INFO[0m [2mtaxon_core::actors::ipc::http_actor[0m[2m:[0m recv msg from ws
[2m2026-02-18T11:14:40.898261Z[0m [32m INFO[0m [2mtaxon_core::actors::ipc::http_actor[0m[2m:[0m send ws message to handler
[2m2026-02-18T11:14:40.898357Z[0m [32m INFO[0m [1mActor[0m[1m{[0m[3mid[0m[2m=[0m"0.8"
 [3mname[0m[2m=[0m"ClientIpcHandler"[1m}[0m[2m:[0m [2mikm_controller::actors::ipc_handler[0m[2m:[0m Modbus IPC_Handler: получено IPC сообщение: peer=019c7074-383d-7c62-9cad-07967248e4fd, protocol=WS
[2m2026-02-18T11:14:40.898397Z[0m [32m INFO[0m [1mActor[0m[1m{[0m[3mid[0m[2m=[0m"0.8"
 [3mname[0m[2m=[0m"ClientIpcHandler"[1m}[0m[2m:[0m [2mikm_controller::actors::ipc_handler[0m[2m:[0m Modbus IPC_Handler: raw msg =
{
  "type": "Action",
  "action": {
    "name": "tank_list",
    "type": "GetData",
    "args": {
      "ids": [],
      "fields": "All"
    },
    "target": {
      "type": "Data",
      "data_ns": "Tank"
    }
  },
  "id": 2961015676,
  "guaranteed": null,
  "send_at": null,
  "from_user": "admin",
  "from_module": null,
  "with_roles": [
    "operator",
    "engineer",
    "admin"
  ],
  "in_group": null,
  "in_process": null,
  "in_device": null,
  "for_module": null,
  "for_user": null
}
[2m2026-02-18T11:14:40.898407Z[0m [32m INFO[0m [1mActor[0m[1m{[0m[3mid[0m[2m=[0m"0.8"
 [3mname[0m[2m=[0m"ClientIpcHandler"[1m}[0m[2m:[0m [2mikm_controller::actors::ipc_handler[0m[2m:[0m Modbus IPC_Handler: action.name=Some("tank_list"), kind=GetData, target.module_name=None, data_ns=Some("Tank")
[2m2026-02-18T11:14:40.898547Z[0m [32m INFO[0m [1mActor[0m[1m{[0m[3mid[0m[2m=[0m"0.8"
 [3mname[0m[2m=[0m"ClientIpcHandler"[1m}[0m[2m:[0m [2mikm_controller::actors::ipc_handler[0m[2m:[0m tank_list: отправляем ответ в ipc_router
[2m2026-02-18T11:14:43.898753Z[0m [32m INFO[0m [2mtaxon_core::actors::ipc::http_actor[0m[2m:[0m recv msg from ws
[2m2026-02-18T11:14:43.898811Z[0m [32m INFO[0m [2mtaxon_core::actors::ipc::http_actor[0m[2m:[0m send ws message to handler
[2m2026-02-18T11:14:43.898872Z[0m [32m INFO[0m [1mActor[0m[1m{[0m[3mid[0m[2m=[0m"0.8"
 [3mname[0m[2m=[0m"ClientIpcHandler"[1m}[0m[2m:[0m [2mikm_controller::actors::ipc_handler[0m[2m:[0m Modbus IPC_Handler: получено IPC сообщение: peer=019c7074-383d-7c62-9cad-07967248e4fd, protocol=WS
[2m2026-02-18T11:14:43.898911Z[0m [32m INFO[0m [1mActor[0m[1m{[0m[3mid[0m[2m=[0m"0.8"
 [3mname[0m[2m=[0m"ClientIpcHandler"[1m}[0m[2m:[0m [2mikm_controller::actors::ipc_handler[0m[2m:[0m Modbus IPC_Handler: raw msg =
{
  "type": "Action",
  "action": {
    "name": "tank_list",
    "type": "GetData",
    "args": {
      "ids": [],
      "fields": "All"
    },
    "target": {
      "type": "Data",
      "data_ns": "Tank"
    }
  },
  "id": 1890588475,
  "guaranteed": null,
  "send_at": null,
  "from_user": "admin",
  "from_module": null,
  "with_roles": [
    "operator",
    "engineer",
    "admin"
  ],
  "in_group": null,
  "in_process": null,
  "in_device": null,
  "for_module": null,
  "for_user": null
}
[2m2026-02-18T11:14:43.898918Z[0m [32m INFO[0m [1mActor[0m[1m{[0m[3mid[0m[2m=[0m"0.8"
 [3mname[0m[2m=[0m"ClientIpcHandler"[1m}[0m[2m:[0m [2mikm_controller::actors::ipc_handler[0m[2m:[0m Modbus IPC_Handler: action.name=Some("tank_list"), kind=GetData, target.module_name=None, data_ns=Some("Tank")
[2m2026-02-18T11:14:43.899008Z[0m [32m INFO[0m [1mActor[0m[1m{[0m[3mid[0m[2m=[0m"0.8"
 [3mname[0m[2m=[0m"ClientIpcHandler"[1m}[0m[2m:[0m [2mikm_controller::actors::ipc_handler[0m[2m:[0m tank_list: отправляем ответ в ipc_router
[2m2026-02-18T11:14:46.901785Z[0m [32m INFO[0m [2mtaxon_core::actors::ipc::http_actor[0m[2m:[0m recv msg from ws
[2m2026-02-18T11:14:46.901859Z[0m [32m INFO[0m [2mtaxon_core::actors::ipc::http_actor[0m[2m:[0m send ws message to handler
[2m2026-02-18T11:14:46.901973Z[0m [32m INFO[0m [1mActor[0m[1m{[0m[3mid[0m[2m=[0m"0.8"
 [3mname[0m[2m=[0m"ClientIpcHandler"[1m}[0m[2m:[0m [2mikm_controller::actors::ipc_handler[0m[2m:[0m Modbus IPC_Handler: получено IPC сообщение: peer=019c7074-383d-7c62-9cad-07967248e4fd, protocol=WS
[2m2026-02-18T11:14:46.902016Z[0m [32m INFO[0m [1mActor[0m[1m{[0m[3mid[0m[2m=[0m"0.8"
 [3mname[0m[2m=[0m"ClientIpcHandler"[1m}[0m[2m:[0m [2mikm_controller::actors::ipc_handler[0m[2m:[0m Modbus IPC_Handler: raw msg =
{
  "type": "Action",
  "action": {
    "name": "tank_list",
    "type": "GetData",
    "args": {
      "ids": [],
      "fields": "All"
    },
    "target": {
      "type": "Data",
      "data_ns": "Tank"
    }
  },
  "id": 995752421,
  "guaranteed": null,
  "send_at": null,
  "from_user": "admin",
  "from_module": null,
  "with_roles": [
    "operator",
    "engineer",
    "admin"
  ],
  "in_group": null,
  "in_process": null,
  "in_device": null,
  "for_module": null,
  "for_user": null
}
[2m2026-02-18T11:14:46.902027Z[0m [32m INFO[0m [1mActor[0m[1m{[0m[3mid[0m[2m=[0m"0.8"
 [3mname[0m[2m=[0m"ClientIpcHandler"[1m}[0m[2m:[0m [2mikm_controller::actors::ipc_handler[0m[2m:[0m Modbus IPC_Handler: action.name=Some("tank_list"), kind=GetData, target.module_name=None, data_ns=Some("Tank")
[2m2026-02-18T11:14:46.902163Z[0m [32m INFO[0m [1mActor[0m[1m{[0m[3mid[0m[2m=[0m"0.8"
 [3mname[0m[2m=[0m"ClientIpcHandler"[1m}[0m[2m:[0m [2mikm_controller::actors::ipc_handler[0m[2m:[0m tank_list: отправляем ответ в ipc_router
[2m2026-02-18T11:14:49.904166Z[0m [32m INFO[0m [2mtaxon_core::actors::ipc::http_actor[0m[2m:[0m recv msg from ws
[2m2026-02-18T11:14:49.904240Z[0m [32m INFO[0m [2mtaxon_core::actors::ipc::http_actor[0m[2m:[0m send ws message to handler
[2m2026-02-18T11:14:49.904369Z[0m [32m INFO[0m [1mActor[0m[1m{[0m[3mid[0m[2m=[0m"0.8"
 [3mname[0m[2m=[0m"ClientIpcHandler"[1m}[0m[2m:[0m [2mikm_controller::actors::ipc_handler[0m[2m:[0m Modbus IPC_Handler: получено IPC сообщение: peer=019c7074-383d-7c62-9cad-07967248e4fd, protocol=WS
[2m2026-02-18T11:14:49.904410Z[0m [32m INFO[0m [1mActor[0m[1m{[0m[3mid[0m[2m=[0m"0.8"
 [3mname[0m[2m=[0m"ClientIpcHandler"[1m}[0m[2m:[0m [2mikm_controller::actors::ipc_handler[0m[2m:[0m Modbus IPC_Handler: raw msg =
{
  "type": "Action",
  "action": {
    "name": "tank_list",
    "type": "GetData",
    "args": {
      "ids": [],
      "fields": "All"
    },
    "target": {
      "type": "Data",
      "data_ns": "Tank"
    }
  },
  "id": 899139679,
  "guaranteed": null,
  "send_at": null,
  "from_user": "admin",
  "from_module": null,
  "with_roles": [
    "operator",
    "engineer",
    "admin"
  ],
  "in_group": null,
  "in_process": null,
  "in_device": null,
  "for_module": null,
  "for_user": null
}
[2m2026-02-18T11:14:49.904417Z[0m [32m INFO[0m [1mActor[0m[1m{[0m[3mid[0m[2m=[0m"0.8"
 [3mname[0m[2m=[0m"ClientIpcHandler"[1m}[0m[2m:[0m [2mikm_controller::actors::ipc_handler[0m[2m:[0m Modbus IPC_Handler: action.name=Some("tank_list"), kind=GetData, target.module_name=None, data_ns=Some("Tank")
[2m2026-02-18T11:14:49.904509Z[0m [32m INFO[0m [1mActor[0m[1m{[0m[3mid[0m[2m=[0m"0.8"
 [3mname[0m[2m=[0m"ClientIpcHandler"[1m}[0m[2m:[0m [2mikm_controller::actors::ipc_handler[0m[2m:[0m tank_list: отправляем ответ в ipc_router
[2m2026-02-18T11:14:52.905172Z[0m [32m INFO[0m [2mtaxon_core::actors::ipc::http_actor[0m[2m:[0m recv msg from ws
[2m2026-02-18T11:14:52.905230Z[0m [32m INFO[0m [2mtaxon_core::actors::ipc::http_actor[0m[2m:[0m send ws message to handler
[2m2026-02-18T11:14:52.905287Z[0m [32m INFO[0m [1mActor[0m[1m{[0m[3mid[0m[2m=[0m"0.8"
 [3mname[0m[2m=[0m"ClientIpcHandler"[1m}[0m[2m:[0m [2mikm_controller::actors::ipc_handler[0m[2m:[0m Modbus IPC_Handler: получено IPC сообщение: peer=019c7074-383d-7c62-9cad-07967248e4fd, protocol=WS
[2m2026-02-18T11:14:52.905330Z[0m [32m INFO[0m [1mActor[0m[1m{[0m[3mid[0m[2m=[0m"0.8"
 [3mname[0m[2m=[0m"ClientIpcHandler"[1m}[0m[2m:[0m [2mikm_controller::actors::ipc_handler[0m[2m:[0m Modbus IPC_Handler: raw msg =
{
  "type": "Action",
  "action": {
    "name": "tank_list",
    "type": "GetData",
    "args": {
      "ids": [],
      "fields": "All"
    },
    "target": {
      "type": "Data",
      "data_ns": "Tank"
    }
  },
  "id": 2693903614,
  "guaranteed": null,
  "send_at": null,
  "from_user": "admin",
  "from_module": null,
  "with_roles": [
    "operator",
    "engineer",
    "admin"
  ],
  "in_group": null,
  "in_process": null,
  "in_device": null,
  "for_module": null,
  "for_user": null
}
[2m2026-02-18T11:14:52.905341Z[0m [32m INFO[0m [1mActor[0m[1m{[0m[3mid[0m[2m=[0m"0.8"
 [3mname[0m[2m=[0m"ClientIpcHandler"[1m}[0m[2m:[0m [2mikm_controller::actors::ipc_handler[0m[2m:[0m Modbus IPC_Handler: action.name=Some("tank_list"), kind=GetData, target.module_name=None, data_ns=Some("Tank")
[2m2026-02-18T11:14:52.905431Z[0m [32m INFO[0m [1mActor[0m[1m{[0m[3mid[0m[2m=[0m"0.8"
 [3mname[0m[2m=[0m"ClientIpcHandler"[1m}[0m[2m:[0m [2mikm_controller::actors::ipc_handler[0m[2m:[0m tank_list: отправляем ответ в ipc_router
[2m2026-02-18T11:14:55.891179Z[0m [32m INFO[0m [2mtaxon_core::actors::ipc::http_actor[0m[2m:[0m recv msg from ws
[2m2026-02-18T11:14:55.891235Z[0m [32m INFO[0m [2mtaxon_core::actors::ipc::http_actor[0m[2m:[0m send ws message to handler
[2m2026-02-18T11:14:55.891302Z[0m [32m INFO[0m [1mActor[0m[1m{[0m[3mid[0m[2m=[0m"0.8"
 [3mname[0m[2m=[0m"ClientIpcHandler"[1m}[0m[2m:[0m [2mikm_controller::actors::ipc_handler[0m[2m:[0m Modbus IPC_Handler: получено IPC сообщение: peer=019c7074-383d-7c62-9cad-07967248e4fd, protocol=WS
[2m2026-02-18T11:14:55.891343Z[0m [32m INFO[0m [1mActor[0m[1m{[0m[3mid[0m[2m=[0m"0.8"
 [3mname[0m[2m=[0m"ClientIpcHandler"[1m}[0m[2m:[0m [2mikm_controller::actors::ipc_handler[0m[2m:[0m Modbus IPC_Handler: raw msg =
{
  "type": "Action",
  "action": {
    "name": "tank_list",
    "type": "GetData",
    "args": {
      "ids": [],
      "fields": "All"
    },
    "target": {
      "type": "Data",
      "data_ns": "Tank"
    }
  },
  "id": 518592542,
  "guaranteed": null,
  "send_at": null,
  "from_user": "admin",
  "from_module": null,
  "with_roles": [
    "operator",
    "engineer",
    "admin"
  ],
  "in_group": null,
  "in_process": null,
  "in_device": null,
  "for_module": null,
  "for_user": null
}
[2m2026-02-18T11:14:55.891351Z[0m [32m INFO[0m [1mActor[0m[1m{[0m[3mid[0m[2m=[0m"0.8"
 [3mname[0m[2m=[0m"ClientIpcHandler"[1m}[0m[2m:[0m [2mikm_controller::actors::ipc_handler[0m[2m:[0m Modbus IPC_Handler: action.name=Some("tank_list"), kind=GetData, target.module_name=None, data_ns=Some("Tank")
[2m2026-02-18T11:14:55.891443Z[0m [32m INFO[0m [1mActor[0m[1m{[0m[3mid[0m[2m=[0m"0.8"
 [3mname[0m[2m=[0m"ClientIpcHandler"[1m}[0m[2m:[0m [2mikm_controller::actors::ipc_handler[0m[2m:[0m tank_list: отправляем ответ в ipc_router
[2m2026-02-18T11:14:58.915777Z[0m [32m INFO[0m [2mtaxon_core::actors::ipc::http_actor[0m[2m:[0m recv msg from ws
[2m2026-02-18T11:14:58.915839Z[0m [32m INFO[0m [2mtaxon_core::actors::ipc::http_actor[0m[2m:[0m send ws message to handler
[2m2026-02-18T11:14:58.915956Z[0m [32m INFO[0m [1mActor[0m[1m{[0m[3mid[0m[2m=[0m"0.8"
 [3mname[0m[2m=[0m"ClientIpcHandler"[1m}[0m[2m:[0m [2mikm_controller::actors::ipc_handler[0m[2m:[0m Modbus IPC_Handler: получено IPC сообщение: peer=019c7074-383d-7c62-9cad-07967248e4fd, protocol=WS
[2m2026-02-18T11:14:58.915997Z[0m [32m INFO[0m [1mActor[0m[1m{[0m[3mid[0m[2m=[0m"0.8"
 [3mname[0m[2m=[0m"ClientIpcHandler"[1m}[0m[2m:[0m [2mikm_controller::actors::ipc_handler[0m[2m:[0m Modbus IPC_Handler: raw msg =
{
  "type": "Action",
  "action": {
    "name": "tank_list",
    "type": "GetData",
    "args": {
      "ids": [],
      "fields": "All"
    },
    "target": {
      "type": "Data",
      "data_ns": "Tank"
    }
  },
  "id": 1178346060,
  "guaranteed": null,
  "send_at": null,
  "from_user": "admin",
  "from_module": null,
  "with_roles": [
    "operator",
    "engineer",
    "admin"
  ],
  "in_group": null,
  "in_process": null,
  "in_device": null,
  "for_module": null,
  "for_user": null
}
[2m2026-02-18T11:14:58.916005Z[0m [32m INFO[0m [1mActor[0m[1m{[0m[3mid[0m[2m=[0m"0.8"
 [3mname[0m[2m=[0m"ClientIpcHandler"[1m}[0m[2m:[0m [2mikm_controller::actors::ipc_handler[0m[2m:[0m Modbus IPC_Handler: action.name=Some("tank_list"), kind=GetData, target.module_name=None, data_ns=Some("Tank")
[2m2026-02-18T11:14:58.916103Z[0m [32m INFO[0m [1mActor[0m[1m{[0m[3mid[0m[2m=[0m"0.8"
 [3mname[0m[2m=[0m"ClientIpcHandler"[1m}[0m[2m:[0m [2mikm_controller::actors::ipc_handler[0m[2m:[0m tank_list: отправляем ответ в ipc_router
[2m2026-02-18T11:15:01.903312Z[0m [32m INFO[0m [2mtaxon_core::actors::ipc::http_actor[0m[2m:[0m recv msg from ws
[2m2026-02-18T11:15:01.903373Z[0m [32m INFO[0m [2mtaxon_core::actors::ipc::http_actor[0m[2m:[0m send ws message to handler
[2m2026-02-18T11:15:01.903452Z[0m [32m INFO[0m [1mActor[0m[1m{[0m[3mid[0m[2m=[0m"0.8"
 [3mname[0m[2m=[0m"ClientIpcHandler"[1m}[0m[2m:[0m [2mikm_controller::actors::ipc_handler[0m[2m:[0m Modbus IPC_Handler: получено IPC сообщение: peer=019c7074-383d-7c62-9cad-07967248e4fd, protocol=WS
[2m2026-02-18T11:15:01.903500Z[0m [32m INFO[0m [1mActor[0m[1m{[0m[3mid[0m[2m=[0m"0.8"
 [3mname[0m[2m=[0m"ClientIpcHandler"[1m}[0m[2m:[0m [2mikm_controller::actors::ipc_handler[0m[2m:[0m Modbus IPC_Handler: raw msg =
{
  "type": "Action",
  "action": {
    "name": "tank_list",
    "type": "GetData",
    "args": {
      "ids": [],
      "fields": "All"
    },
    "target": {
      "type": "Data",
      "data_ns": "Tank"
    }
  },
  "id": 102611579,
  "guaranteed": null,
  "send_at": null,
  "from_user": "admin",
  "from_module": null,
  "with_roles": [
    "operator",
    "engineer",
    "admin"
  ],
  "in_group": null,
  "in_process": null,
  "in_device": null,
  "for_module": null,
  "for_user": null
}
[2m2026-02-18T11:15:01.903508Z[0m [32m INFO[0m [1mActor[0m[1m{[0m[3mid[0m[2m=[0m"0.8"
 [3mname[0m[2m=[0m"ClientIpcHandler"[1m}[0m[2m:[0m [2mikm_controller::actors::ipc_handler[0m[2m:[0m Modbus IPC_Handler: action.name=Some("tank_list"), kind=GetData, target.module_name=None, data_ns=Some("Tank")
[2m2026-02-18T11:15:01.903591Z[0m [32m INFO[0m [1mActor[0m[1m{[0m[3mid[0m[2m=[0m"0.8"
 [3mname[0m[2m=[0m"ClientIpcHandler"[1m}[0m[2m:[0m [2mikm_controller::actors::ipc_handler[0m[2m:[0m tank_list: отправляем ответ в ipc_router
[2m2026-02-18T11:15:04.905628Z[0m [32m INFO[0m [2mtaxon_core::actors::ipc::http_actor[0m[2m:[0m recv msg from ws
[2m2026-02-18T11:15:04.905707Z[0m [32m INFO[0m [2mtaxon_core::actors::ipc::http_actor[0m[2m:[0m send ws message to handler
[2m2026-02-18T11:15:04.905770Z[0m [32m INFO[0m [1mActor[0m[1m{[0m[3mid[0m[2m=[0m"0.8"
 [3mname[0m[2m=[0m"ClientIpcHandler"[1m}[0m[2m:[0m [2mikm_controller::actors::ipc_handler[0m[2m:[0m Modbus IPC_Handler: получено IPC сообщение: peer=019c7074-383d-7c62-9cad-07967248e4fd, protocol=WS
[2m2026-02-18T11:15:04.905813Z[0m [32m INFO[0m [1mActor[0m[1m{[0m[3mid[0m[2m=[0m"0.8"
 [3mname[0m[2m=[0m"ClientIpcHandler"[1m}[0m[2m:[0m [2mikm_controller::actors::ipc_handler[0m[2m:[0m Modbus IPC_Handler: raw msg =
{
  "type": "Action",
  "action": {
    "name": "tank_list",
    "type": "GetData",
    "args": {
      "ids": [],
      "fields": "All"
    },
    "target": {
      "type": "Data",
      "data_ns": "Tank"
    }
  },
  "id": 697699597,
  "guaranteed": null,
  "send_at": null,
  "from_user": "admin",
  "from_module": null,
  "with_roles": [
    "operator",
    "engineer",
    "admin"
  ],
  "in_group": null,
  "in_process": null,
  "in_device": null,
  "for_module": null,
  "for_user": null
}
[2m2026-02-18T11:15:04.905822Z[0m [32m INFO[0m [1mActor[0m[1m{[0m[3mid[0m[2m=[0m"0.8"
 [3mname[0m[2m=[0m"ClientIpcHandler"[1m}[0m[2m:[0m [2mikm_controller::actors::ipc_handler[0m[2m:[0m Modbus IPC_Handler: action.name=Some("tank_list"), kind=GetData, target.module_name=None, data_ns=Some("Tank")
[2m2026-02-18T11:15:04.905917Z[0m [32m INFO[0m [1mActor[0m[1m{[0m[3mid[0m[2m=[0m"0.8"
 [3mname[0m[2m=[0m"ClientIpcHandler"[1m}[0m[2m:[0m [2mikm_controller::actors::ipc_handler[0m[2m:[0m tank_list: отправляем ответ в ipc_router
[2m2026-02-18T11:15:07.896709Z[0m [32m INFO[0m [2mtaxon_core::actors::ipc::http_actor[0m[2m:[0m recv msg from ws
[2m2026-02-18T11:15:07.896774Z[0m [32m INFO[0m [2mtaxon_core::actors::ipc::http_actor[0m[2m:[0m send ws message to handler
[2m2026-02-18T11:15:07.897043Z[0m [32m INFO[0m [1mActor[0m[1m{[0m[3mid[0m[2m=[0m"0.8"
 [3mname[0m[2m=[0m"ClientIpcHandler"[1m}[0m[2m:[0m [2mikm_controller::actors::ipc_handler[0m[2m:[0m Modbus IPC_Handler: получено IPC сообщение: peer=019c7074-383d-7c62-9cad-07967248e4fd, protocol=WS
[2m2026-02-18T11:15:07.897084Z[0m [32m INFO[0m [1mActor[0m[1m{[0m[3mid[0m[2m=[0m"0.8"
 [3mname[0m[2m=[0m"ClientIpcHandler"[1m}[0m[2m:[0m [2mikm_controller::actors::ipc_handler[0m[2m:[0m Modbus IPC_Handler: raw msg =
{
  "type": "Action",
  "action": {
    "name": "tank_list",
    "type": "GetData",
    "args": {
      "ids": [],
      "fields": "All"
    },
    "target": {
      "type": "Data",
      "data_ns": "Tank"
    }
  },
  "id": 2779559468,
  "guaranteed": null,
  "send_at": null,
  "from_user": "admin",
  "from_module": null,
  "with_roles": [
    "operator",
    "engineer",
    "admin"
  ],
  "in_group": null,
  "in_process": null,
  "in_device": null,
  "for_module": null,
  "for_user": null
}
[2m2026-02-18T11:15:07.897101Z[0m [32m INFO[0m [1mActor[0m[1m{[0m[3mid[0m[2m=[0m"0.8"
 [3mname[0m[2m=[0m"ClientIpcHandler"[1m}[0m[2m:[0m [2mikm_controller::actors::ipc_handler[0m[2m:[0m Modbus IPC_Handler: action.name=Some("tank_list"), kind=GetData, target.module_name=None, data_ns=Some("Tank")
[2m2026-02-18T11:15:07.897190Z[0m [32m INFO[0m [1mActor[0m[1m{[0m[3mid[0m[2m=[0m"0.8"
 [3mname[0m[2m=[0m"ClientIpcHandler"[1m}[0m[2m:[0m [2mikm_controller::actors::ipc_handler[0m[2m:[0m tank_list: отправляем ответ в ipc_router
[2m2026-02-18T11:15:10.906588Z[0m [32m INFO[0m [2mtaxon_core::actors::ipc::http_actor[0m[2m:[0m recv msg from ws
[2m2026-02-18T11:15:10.906663Z[0m [32m INFO[0m [2mtaxon_core::actors::ipc::http_actor[0m[2m:[0m send ws message to handler
[2m2026-02-18T11:15:10.906821Z[0m [32m INFO[0m [1mActor[0m[1m{[0m[3mid[0m[2m=[0m"0.8"
 [3mname[0m[2m=[0m"ClientIpcHandler"[1m}[0m[2m:[0m [2mikm_controller::actors::ipc_handler[0m[2m:[0m Modbus IPC_Handler: получено IPC сообщение: peer=019c7074-383d-7c62-9cad-07967248e4fd, protocol=WS
[2m2026-02-18T11:15:10.906862Z[0m [32m INFO[0m [1mActor[0m[1m{[0m[3mid[0m[2m=[0m"0.8"
 [3mname[0m[2m=[0m"ClientIpcHandler"[1m}[0m[2m:[0m [2mikm_controller::actors::ipc_handler[0m[2m:[0m Modbus IPC_Handler: raw msg =
{
  "type": "Action",
  "action": {
    "name": "tank_list",
    "type": "GetData",
    "args": {
      "ids": [],
      "fields": "All"
    },
    "target": {
      "type": "Data",
      "data_ns": "Tank"
    }
  },
  "id": 2798660573,
  "guaranteed": null,
  "send_at": null,
  "from_user": "admin",
  "from_module": null,
  "with_roles": [
    "operator",
    "engineer",
    "admin"
  ],
  "in_group": null,
  "in_process": null,
  "in_device": null,
  "for_module": null,
  "for_user": null
}
[2m2026-02-18T11:15:10.906870Z[0m [32m INFO[0m [1mActor[0m[1m{[0m[3mid[0m[2m=[0m"0.8"
 [3mname[0m[2m=[0m"ClientIpcHandler"[1m}[0m[2m:[0m [2mikm_controller::actors::ipc_handler[0m[2m:[0m Modbus IPC_Handler: action.name=Some("tank_list"), kind=GetData, target.module_name=None, data_ns=Some("Tank")
[2m2026-02-18T11:15:10.906956Z[0m [32m INFO[0m [1mActor[0m[1m{[0m[3mid[0m[2m=[0m"0.8"
 [3mname[0m[2m=[0m"ClientIpcHandler"[1m}[0m[2m:[0m [2mikm_controller::actors::ipc_handler[0m[2m:[0m tank_list: отправляем ответ в ipc_router
[2m2026-02-18T11:15:13.910360Z[0m [32m INFO[0m [2mtaxon_core::actors::ipc::http_actor[0m[2m:[0m recv msg from ws
[2m2026-02-18T11:15:13.910423Z[0m [32m INFO[0m [2mtaxon_core::actors::ipc::http_actor[0m[2m:[0m send ws message to handler
[2m2026-02-18T11:15:13.910656Z[0m [32m INFO[0m [1mActor[0m[1m{[0m[3mid[0m[2m=[0m"0.8"
 [3mname[0m[2m=[0m"ClientIpcHandler"[1m}[0m[2m:[0m [2mikm_controller::actors::ipc_handler[0m[2m:[0m Modbus IPC_Handler: получено IPC сообщение: peer=019c7074-383d-7c62-9cad-07967248e4fd, protocol=WS
[2m2026-02-18T11:15:13.910703Z[0m [32m INFO[0m [1mActor[0m[1m{[0m[3mid[0m[2m=[0m"0.8"
 [3mname[0m[2m=[0m"ClientIpcHandler"[1m}[0m[2m:[0m [2mikm_controller::actors::ipc_handler[0m[2m:[0m Modbus IPC_Handler: raw msg =
{
  "type": "Action",
  "action": {
    "name": "tank_list",
    "type": "GetData",
    "args": {
      "ids": [],
      "fields": "All"
    },
    "target": {
      "type": "Data",
      "data_ns": "Tank"
    }
  },
  "id": 976810200,
  "guaranteed": null,
  "send_at": null,
  "from_user": "admin",
  "from_module": null,
  "with_roles": [
    "operator",
    "engineer",
    "admin"
  ],
  "in_group": null,
  "in_process": null,
  "in_device": null,
  "for_module": null,
  "for_user": null
}
[2m2026-02-18T11:15:13.910718Z[0m [32m INFO[0m [1mActor[0m[1m{[0m[3mid[0m[2m=[0m"0.8"
 [3mname[0m[2m=[0m"ClientIpcHandler"[1m}[0m[2m:[0m [2mikm_controller::actors::ipc_handler[0m[2m:[0m Modbus IPC_Handler: action.name=Some("tank_list"), kind=GetData, target.module_name=None, data_ns=Some("Tank")
[2m2026-02-18T11:15:13.910798Z[0m [32m INFO[0m [1mActor[0m[1m{[0m[3mid[0m[2m=[0m"0.8"
 [3mname[0m[2m=[0m"ClientIpcHandler"[1m}[0m[2m:[0m [2mikm_controller::actors::ipc_handler[0m[2m:[0m tank_list: отправляем ответ в ipc_router
[2m2026-02-18T11:15:16.896469Z[0m [32m INFO[0m [2mtaxon_core::actors::ipc::http_actor[0m[2m:[0m recv msg from ws
[2m2026-02-18T11:15:16.896537Z[0m [32m INFO[0m [2mtaxon_core::actors::ipc::http_actor[0m[2m:[0m send ws message to handler
[2m2026-02-18T11:15:16.896740Z[0m [32m INFO[0m [1mActor[0m[1m{[0m[3mid[0m[2m=[0m"0.8"
 [3mname[0m[2m=[0m"ClientIpcHandler"[1m}[0m[2m:[0m [2mikm_controller::actors::ipc_handler[0m[2m:[0m Modbus IPC_Handler: получено IPC сообщение: peer=019c7074-383d-7c62-9cad-07967248e4fd, protocol=WS
[2m2026-02-18T11:15:16.896784Z[0m [32m INFO[0m [1mActor[0m[1m{[0m[3mid[0m[2m=[0m"0.8"
 [3mname[0m[2m=[0m"ClientIpcHandler"[1m}[0m[2m:[0m [2mikm_controller::actors::ipc_handler[0m[2m:[0m Modbus IPC_Handler: raw msg =
{
  "type": "Action",
  "action": {
    "name": "tank_list",
    "type": "GetData",
    "args": {
      "ids": [],
      "fields": "All"
    },
    "target": {
      "type": "Data",
      "data_ns": "Tank"
    }
  },
  "id": 1554203937,
  "guaranteed": null,
  "send_at": null,
  "from_user": "admin",
  "from_module": null,
  "with_roles": [
    "operator",
    "engineer",
    "admin"
  ],
  "in_group": null,
  "in_process": null,
  "in_device": null,
  "for_module": null,
  "for_user": null
}
[2m2026-02-18T11:15:16.896793Z[0m [32m INFO[0m [1mActor[0m[1m{[0m[3mid[0m[2m=[0m"0.8"
 [3mname[0m[2m=[0m"ClientIpcHandler"[1m}[0m[2m:[0m [2mikm_controller::actors::ipc_handler[0m[2m:[0m Modbus IPC_Handler: action.name=Some("tank_list"), kind=GetData, target.module_name=None, data_ns=Some("Tank")
[2m2026-02-18T11:15:16.896884Z[0m [32m INFO[0m [1mActor[0m[1m{[0m[3mid[0m[2m=[0m"0.8"
 [3mname[0m[2m=[0m"ClientIpcHandler"[1m}[0m[2m:[0m [2mikm_controller::actors::ipc_handler[0m[2m:[0m tank_list: отправляем ответ в ipc_router
[2m2026-02-18T11:15:19.904555Z[0m [32m INFO[0m [2mtaxon_core::actors::ipc::http_actor[0m[2m:[0m recv msg from ws
[2m2026-02-18T11:15:19.904624Z[0m [32m INFO[0m [2mtaxon_core::actors::ipc::http_actor[0m[2m:[0m send ws message to handler
[2m2026-02-18T11:15:19.905225Z[0m [32m INFO[0m [1mActor[0m[1m{[0m[3mid[0m[2m=[0m"0.8"
 [3mname[0m[2m=[0m"ClientIpcHandler"[1m}[0m[2m:[0m [2mikm_controller::actors::ipc_handler[0m[2m:[0m Modbus IPC_Handler: получено IPC сообщение: peer=019c7074-383d-7c62-9cad-07967248e4fd, protocol=WS
[2m2026-02-18T11:15:19.905267Z[0m [32m INFO[0m [1mActor[0m[1m{[0m[3mid[0m[2m=[0m"0.8"
 [3mname[0m[2m=[0m"ClientIpcHandler"[1m}[0m[2m:[0m [2mikm_controller::actors::ipc_handler[0m[2m:[0m Modbus IPC_Handler: raw msg =
{
  "type": "Action",
  "action": {
    "name": "tank_list",
    "type": "GetData",
    "args": {
      "ids": [],
      "fields": "All"
    },
    "target": {
      "type": "Data",
      "data_ns": "Tank"
    }
  },
  "id": 1531727514,
  "guaranteed": null,
  "send_at": null,
  "from_user": "admin",
  "from_module": null,
  "with_roles": [
    "operator",
    "engineer",
    "admin"
  ],
  "in_group": null,
  "in_process": null,
  "in_device": null,
  "for_module": null,
  "for_user": null
}
[2m2026-02-18T11:15:19.905274Z[0m [32m INFO[0m [1mActor[0m[1m{[0m[3mid[0m[2m=[0m"0.8"
 [3mname[0m[2m=[0m"ClientIpcHandler"[1m}[0m[2m:[0m [2mikm_controller::actors::ipc_handler[0m[2m:[0m Modbus IPC_Handler: action.name=Some("tank_list"), kind=GetData, target.module_name=None, data_ns=Some("Tank")
[2m2026-02-18T11:15:19.905376Z[0m [32m INFO[0m [1mActor[0m[1m{[0m[3mid[0m[2m=[0m"0.8"
 [3mname[0m[2m=[0m"ClientIpcHandler"[1m}[0m[2m:[0m [2mikm_controller::actors::ipc_handler[0m[2m:[0m tank_list: отправляем ответ в ipc_router
[2m2026-02-18T11:15:22.924783Z[0m [32m INFO[0m [2mtaxon_core::actors::ipc::http_actor[0m[2m:[0m recv msg from ws
[2m2026-02-18T11:15:22.924844Z[0m [32m INFO[0m [2mtaxon_core::actors::ipc::http_actor[0m[2m:[0m send ws message to handler
[2m2026-02-18T11:15:22.924982Z[0m [32m INFO[0m [1mActor[0m[1m{[0m[3mid[0m[2m=[0m"0.8"
 [3mname[0m[2m=[0m"ClientIpcHandler"[1m}[0m[2m:[0m [2mikm_controller::actors::ipc_handler[0m[2m:[0m Modbus IPC_Handler: получено IPC сообщение: peer=019c7074-383d-7c62-9cad-07967248e4fd, protocol=WS
[2m2026-02-18T11:15:22.925020Z[0m [32m INFO[0m [1mActor[0m[1m{[0m[3mid[0m[2m=[0m"0.8"
 [3mname[0m[2m=[0m"ClientIpcHandler"[1m}[0m[2m:[0m [2mikm_controller::actors::ipc_handler[0m[2m:[0m Modbus IPC_Handler: raw msg =
{
  "type": "Action",
  "action": {
    "name": "tank_list",
    "type": "GetData",
    "args": {
      "ids": [],
      "fields": "All"
    },
    "target": {
      "type": "Data",
      "data_ns": "Tank"
    }
  },
  "id": 2047813711,
  "guaranteed": null,
  "send_at": null,
  "from_user": "admin",
  "from_module": null,
  "with_roles": [
    "operator",
    "engineer",
    "admin"
  ],
  "in_group": null,
  "in_process": null,
  "in_device": null,
  "for_module": null,
  "for_user": null
}
[2m2026-02-18T11:15:22.925027Z[0m [32m INFO[0m [1mActor[0m[1m{[0m[3mid[0m[2m=[0m"0.8"
 [3mname[0m[2m=[0m"ClientIpcHandler"[1m}[0m[2m:[0m [2mikm_controller::actors::ipc_handler[0m[2m:[0m Modbus IPC_Handler: action.name=Some("tank_list"), kind=GetData, target.module_name=None, data_ns=Some("Tank")
[2m2026-02-18T11:15:22.925113Z[0m [32m INFO[0m [1mActor[0m[1m{[0m[3mid[0m[2m=[0m"0.8"
 [3mname[0m[2m=[0m"ClientIpcHandler"[1m}[0m[2m:[0m [2mikm_controller::actors::ipc_handler[0m[2m:[0m tank_list: отправляем ответ в ipc_router
[2m2026-02-18T11:15:25.906532Z[0m [32m INFO[0m [2mtaxon_core::actors::ipc::http_actor[0m[2m:[0m recv msg from ws
[2m2026-02-18T11:15:25.906591Z[0m [32m INFO[0m [2mtaxon_core::actors::ipc::http_actor[0m[2m:[0m send ws message to handler
[2m2026-02-18T11:15:25.906647Z[0m [32m INFO[0m [1mActor[0m[1m{[0m[3mid[0m[2m=[0m"0.8"
 [3mname[0m[2m=[0m"ClientIpcHandler"[1m}[0m[2m:[0m [2mikm_controller::actors::ipc_handler[0m[2m:[0m Modbus IPC_Handler: получено IPC сообщение: peer=019c7074-383d-7c62-9cad-07967248e4fd, protocol=WS
[2m2026-02-18T11:15:25.906706Z[0m [32m INFO[0m [1mActor[0m[1m{[0m[3mid[0m[2m=[0m"0.8"
 [3mname[0m[2m=[0m"ClientIpcHandler"[1m}[0m[2m:[0m [2mikm_controller::actors::ipc_handler[0m[2m:[0m Modbus IPC_Handler: raw msg =
{
  "type": "Action",
  "action": {
    "name": "tank_list",
    "type": "GetData",
    "args": {
      "ids": [],
      "fields": "All"
    },
    "target": {
      "type": "Data",
      "data_ns": "Tank"
    }
  },
  "id": 1887490385,
  "guaranteed": null,
  "send_at": null,
  "from_user": "admin",
  "from_module": null,
  "with_roles": [
    "operator",
    "engineer",
    "admin"
  ],
  "in_group": null,
  "in_process": null,
  "in_device": null,
  "for_module": null,
  "for_user": null
}
[2m2026-02-18T11:15:25.906719Z[0m [32m INFO[0m [1mActor[0m[1m{[0m[3mid[0m[2m=[0m"0.8"
 [3mname[0m[2m=[0m"ClientIpcHandler"[1m}[0m[2m:[0m [2mikm_controller::actors::ipc_handler[0m[2m:[0m Modbus IPC_Handler: action.name=Some("tank_list"), kind=GetData, target.module_name=None, data_ns=Some("Tank")
[2m2026-02-18T11:15:25.906834Z[0m [32m INFO[0m [1mActor[0m[1m{[0m[3mid[0m[2m=[0m"0.8"
 [3mname[0m[2m=[0m"ClientIpcHandler"[1m}[0m[2m:[0m [2mikm_controller::actors::ipc_handler[0m[2m:[0m tank_list: отправляем ответ в ipc_router
[2m2026-02-18T11:15:28.913691Z[0m [32m INFO[0m [2mtaxon_core::actors::ipc::http_actor[0m[2m:[0m recv msg from ws
[2m2026-02-18T11:15:28.913758Z[0m [32m INFO[0m [2mtaxon_core::actors::ipc::http_actor[0m[2m:[0m send ws message to handler
[2m2026-02-18T11:15:28.913820Z[0m [32m INFO[0m [1mActor[0m[1m{[0m[3mid[0m[2m=[0m"0.8"
 [3mname[0m[2m=[0m"ClientIpcHandler"[1m}[0m[2m:[0m [2mikm_controller::actors::ipc_handler[0m[2m:[0m Modbus IPC_Handler: получено IPC сообщение: peer=019c7074-383d-7c62-9cad-07967248e4fd, protocol=WS
[2m2026-02-18T11:15:28.913873Z[0m [32m INFO[0m [1mActor[0m[1m{[0m[3mid[0m[2m=[0m"0.8"
 [3mname[0m[2m=[0m"ClientIpcHandler"[1m}[0m[2m:[0m [2mikm_controller::actors::ipc_handler[0m[2m:[0m Modbus IPC_Handler: raw msg =
{
  "type": "Action",
  "action": {
    "name": "tank_list",
    "type": "GetData",
    "args": {
      "ids": [],
      "fields": "All"
    },
    "target": {
      "type": "Data",
      "data_ns": "Tank"
    }
  },
  "id": 3106669104,
  "guaranteed": null,
  "send_at": null,
  "from_user": "admin",
  "from_module": null,
  "with_roles": [
    "operator",
    "engineer",
    "admin"
  ],
  "in_group": null,
  "in_process": null,
  "in_device": null,
  "for_module": null,
  "for_user": null
}
[2m2026-02-18T11:15:28.913885Z[0m [32m INFO[0m [1mActor[0m[1m{[0m[3mid[0m[2m=[0m"0.8"
 [3mname[0m[2m=[0m"ClientIpcHandler"[1m}[0m[2m:[0m [2mikm_controller::actors::ipc_handler[0m[2m:[0m Modbus IPC_Handler: action.name=Some("tank_list"), kind=GetData, target.module_name=None, data_ns=Some("Tank")
[2m2026-02-18T11:15:28.913999Z[0m [32m INFO[0m [1mActor[0m[1m{[0m[3mid[0m[2m=[0m"0.8"
 [3mname[0m[2m=[0m"ClientIpcHandler"[1m}[0m[2m:[0m [2mikm_controller::actors::ipc_handler[0m[2m:[0m tank_list: отправляем ответ в ipc_router
[2m2026-02-18T11:15:31.901555Z[0m [32m INFO[0m [2mtaxon_core::actors::ipc::http_actor[0m[2m:[0m recv msg from ws
[2m2026-02-18T11:15:31.901628Z[0m [32m INFO[0m [2mtaxon_core::actors::ipc::http_actor[0m[2m:[0m send ws message to handler
[2m2026-02-18T11:15:31.901732Z[0m [32m INFO[0m [1mActor[0m[1m{[0m[3mid[0m[2m=[0m"0.8"
 [3mname[0m[2m=[0m"ClientIpcHandler"[1m}[0m[2m:[0m [2mikm_controller::actors::ipc_handler[0m[2m:[0m Modbus IPC_Handler: получено IPC сообщение: peer=019c7074-383d-7c62-9cad-07967248e4fd, protocol=WS
[2m2026-02-18T11:15:31.901775Z[0m [32m INFO[0m [1mActor[0m[1m{[0m[3mid[0m[2m=[0m"0.8"
 [3mname[0m[2m=[0m"ClientIpcHandler"[1m}[0m[2m:[0m [2mikm_controller::actors::ipc_handler[0m[2m:[0m Modbus IPC_Handler: raw msg =
{
  "type": "Action",
  "action": {
    "name": "tank_list",
    "type": "GetData",
    "args": {
      "ids": [],
      "fields": "All"
    },
    "target": {
      "type": "Data",
      "data_ns": "Tank"
    }
  },
  "id": 993514405,
  "guaranteed": null,
  "send_at": null,
  "from_user": "admin",
  "from_module": null,
  "with_roles": [
    "operator",
    "engineer",
    "admin"
  ],
  "in_group": null,
  "in_process": null,
  "in_device": null,
  "for_module": null,
  "for_user": null
}
[2m2026-02-18T11:15:31.901783Z[0m [32m INFO[0m [1mActor[0m[1m{[0m[3mid[0m[2m=[0m"0.8"
 [3mname[0m[2m=[0m"ClientIpcHandler"[1m}[0m[2m:[0m [2mikm_controller::actors::ipc_handler[0m[2m:[0m Modbus IPC_Handler: action.name=Some("tank_list"), kind=GetData, target.module_name=None, data_ns=Some("Tank")
[2m2026-02-18T11:15:31.901909Z[0m [32m INFO[0m [1mActor[0m[1m{[0m[3mid[0m[2m=[0m"0.8"
 [3mname[0m[2m=[0m"ClientIpcHandler"[1m}[0m[2m:[0m [2mikm_controller::actors::ipc_handler[0m[2m:[0m tank_list: отправляем ответ в ipc_router
[2m2026-02-18T11:15:34.909925Z[0m [32m INFO[0m [2mtaxon_core::actors::ipc::http_actor[0m[2m:[0m recv msg from ws
[2m2026-02-18T11:15:34.909994Z[0m [32m INFO[0m [2mtaxon_core::actors::ipc::http_actor[0m[2m:[0m send ws message to handler
[2m2026-02-18T11:15:34.910294Z[0m [32m INFO[0m [1mActor[0m[1m{[0m[3mid[0m[2m=[0m"0.8"
 [3mname[0m[2m=[0m"ClientIpcHandler"[1m}[0m[2m:[0m [2mikm_controller::actors::ipc_handler[0m[2m:[0m Modbus IPC_Handler: получено IPC сообщение: peer=019c7074-383d-7c62-9cad-07967248e4fd, protocol=WS
[2m2026-02-18T11:15:34.910332Z[0m [32m INFO[0m [1mActor[0m[1m{[0m[3mid[0m[2m=[0m"0.8"
 [3mname[0m[2m=[0m"ClientIpcHandler"[1m}[0m[2m:[0m [2mikm_controller::actors::ipc_handler[0m[2m:[0m Modbus IPC_Handler: raw msg =
{
  "type": "Action",
  "action": {
    "name": "tank_list",
    "type": "GetData",
    "args": {
      "ids": [],
      "fields": "All"
    },
    "target": {
      "type": "Data",
      "data_ns": "Tank"
    }
  },
  "id": 2949413952,
  "guaranteed": null,
  "send_at": null,
  "from_user": "admin",
  "from_module": null,
  "with_roles": [
    "operator",
    "engineer",
    "admin"
  ],
  "in_group": null,
  "in_process": null,
  "in_device": null,
  "for_module": null,
  "for_user": null
}
[2m2026-02-18T11:15:34.910339Z[0m [32m INFO[0m [1mActor[0m[1m{[0m[3mid[0m[2m=[0m"0.8"
 [3mname[0m[2m=[0m"ClientIpcHandler"[1m}[0m[2m:[0m [2mikm_controller::actors::ipc_handler[0m[2m:[0m Modbus IPC_Handler: action.name=Some("tank_list"), kind=GetData, target.module_name=None, data_ns=Some("Tank")
[2m2026-02-18T11:15:34.910424Z[0m [32m INFO[0m [1mActor[0m[1m{[0m[3mid[0m[2m=[0m"0.8"
 [3mname[0m[2m=[0m"ClientIpcHandler"[1m}[0m[2m:[0m [2mikm_controller::actors::ipc_handler[0m[2m:[0m tank_list: отправляем ответ в ipc_router
[2m2026-02-18T11:15:37.898235Z[0m [32m INFO[0m [2mtaxon_core::actors::ipc::http_actor[0m[2m:[0m recv msg from ws
[2m2026-02-18T11:15:37.898301Z[0m [32m INFO[0m [2mtaxon_core::actors::ipc::http_actor[0m[2m:[0m send ws message to handler
[2m2026-02-18T11:15:37.898364Z[0m [32m INFO[0m [1mActor[0m[1m{[0m[3mid[0m[2m=[0m"0.8"
 [3mname[0m[2m=[0m"ClientIpcHandler"[1m}[0m[2m:[0m [2mikm_controller::actors::ipc_handler[0m[2m:[0m Modbus IPC_Handler: получено IPC сообщение: peer=019c7074-383d-7c62-9cad-07967248e4fd, protocol=WS
[2m2026-02-18T11:15:37.898406Z[0m [32m INFO[0m [1mActor[0m[1m{[0m[3mid[0m[2m=[0m"0.8"
 [3mname[0m[2m=[0m"ClientIpcHandler"[1m}[0m[2m:[0m [2mikm_controller::actors::ipc_handler[0m[2m:[0m Modbus IPC_Handler: raw msg =
{
  "type": "Action",
  "action": {
    "name": "tank_list",
    "type": "GetData",
    "args": {
      "ids": [],
      "fields": "All"
    },
    "target": {
      "type": "Data",
      "data_ns": "Tank"
    }
  },
  "id": 190644361,
  "guaranteed": null,
  "send_at": null,
  "from_user": "admin",
  "from_module": null,
  "with_roles": [
    "operator",
    "engineer",
    "admin"
  ],
  "in_group": null,
  "in_process": null,
  "in_device": null,
  "for_module": null,
  "for_user": null
}
[2m2026-02-18T11:15:37.898413Z[0m [32m INFO[0m [1mActor[0m[1m{[0m[3mid[0m[2m=[0m"0.8"
 [3mname[0m[2m=[0m"ClientIpcHandler"[1m}[0m[2m:[0m [2mikm_controller::actors::ipc_handler[0m[2m:[0m Modbus IPC_Handler: action.name=Some("tank_list"), kind=GetData, target.module_name=None, data_ns=Some("Tank")
[2m2026-02-18T11:15:37.898504Z[0m [32m INFO[0m [1mActor[0m[1m{[0m[3mid[0m[2m=[0m"0.8"
 [3mname[0m[2m=[0m"ClientIpcHandler"[1m}[0m[2m:[0m [2mikm_controller::actors::ipc_handler[0m[2m:[0m tank_list: отправляем ответ в ipc_router
[2m2026-02-18T11:15:40.905238Z[0m [32m INFO[0m [2mtaxon_core::actors::ipc::http_actor[0m[2m:[0m recv msg from ws
[2m2026-02-18T11:15:40.905307Z[0m [32m INFO[0m [2mtaxon_core::actors::ipc::http_actor[0m[2m:[0m send ws message to handler
[2m2026-02-18T11:15:40.905505Z[0m [32m INFO[0m [1mActor[0m[1m{[0m[3mid[0m[2m=[0m"0.8"
 [3mname[0m[2m=[0m"ClientIpcHandler"[1m}[0m[2m:[0m [2mikm_controller::actors::ipc_handler[0m[2m:[0m Modbus IPC_Handler: получено IPC сообщение: peer=019c7074-383d-7c62-9cad-07967248e4fd, protocol=WS
[2m2026-02-18T11:15:40.905554Z[0m [32m INFO[0m [1mActor[0m[1m{[0m[3mid[0m[2m=[0m"0.8"
 [3mname[0m[2m=[0m"ClientIpcHandler"[1m}[0m[2m:[0m [2mikm_controller::actors::ipc_handler[0m[2m:[0m Modbus IPC_Handler: raw msg =
{
  "type": "Action",
  "action": {
    "name": "tank_list",
    "type": "GetData",
    "args": {
      "ids": [],
      "fields": "All"
    },
    "target": {
      "type": "Data",
      "data_ns": "Tank"
    }
  },
  "id": 3195694714,
  "guaranteed": null,
  "send_at": null,
  "from_user": "admin",
  "from_module": null,
  "with_roles": [
    "operator",
    "engineer",
    "admin"
  ],
  "in_group": null,
  "in_process": null,
  "in_device": null,
  "for_module": null,
  "for_user": null
}
[2m2026-02-18T11:15:40.905562Z[0m [32m INFO[0m [1mActor[0m[1m{[0m[3mid[0m[2m=[0m"0.8"
 [3mname[0m[2m=[0m"ClientIpcHandler"[1m}[0m[2m:[0m [2mikm_controller::actors::ipc_handler[0m[2m:[0m Modbus IPC_Handler: action.name=Some("tank_list"), kind=GetData, target.module_name=None, data_ns=Some("Tank")
[2m2026-02-18T11:15:40.905653Z[0m [32m INFO[0m [1mActor[0m[1m{[0m[3mid[0m[2m=[0m"0.8"
 [3mname[0m[2m=[0m"ClientIpcHandler"[1m}[0m[2m:[0m [2mikm_controller::actors::ipc_handler[0m[2m:[0m tank_list: отправляем ответ в ipc_router
[2m2026-02-18T11:15:43.891959Z[0m [32m INFO[0m [2mtaxon_core::actors::ipc::http_actor[0m[2m:[0m recv msg from ws
[2m2026-02-18T11:15:43.892018Z[0m [32m INFO[0m [2mtaxon_core::actors::ipc::http_actor[0m[2m:[0m send ws message to handler
[2m2026-02-18T11:15:43.892076Z[0m [32m INFO[0m [1mActor[0m[1m{[0m[3mid[0m[2m=[0m"0.8"
 [3mname[0m[2m=[0m"ClientIpcHandler"[1m}[0m[2m:[0m [2mikm_controller::actors::ipc_handler[0m[2m:[0m Modbus IPC_Handler: получено IPC сообщение: peer=019c7074-383d-7c62-9cad-07967248e4fd, protocol=WS
[2m2026-02-18T11:15:43.892116Z[0m [32m INFO[0m [1mActor[0m[1m{[0m[3mid[0m[2m=[0m"0.8"
 [3mname[0m[2m=[0m"ClientIpcHandler"[1m}[0m[2m:[0m [2mikm_controller::actors::ipc_handler[0m[2m:[0m Modbus IPC_Handler: raw msg =
{
  "type": "Action",
  "action": {
    "name": "tank_list",
    "type": "GetData",
    "args": {
      "ids": [],
      "fields": "All"
    },
    "target": {
      "type": "Data",
      "data_ns": "Tank"
    }
  },
  "id": 3583655393,
  "guaranteed": null,
  "send_at": null,
  "from_user": "admin",
  "from_module": null,
  "with_roles": [
    "operator",
    "engineer",
    "admin"
  ],
  "in_group": null,
  "in_process": null,
  "in_device": null,
  "for_module": null,
  "for_user": null
}
[2m2026-02-18T11:15:43.892124Z[0m [32m INFO[0m [1mActor[0m[1m{[0m[3mid[0m[2m=[0m"0.8"
 [3mname[0m[2m=[0m"ClientIpcHandler"[1m}[0m[2m:[0m [2mikm_controller::actors::ipc_handler[0m[2m:[0m Modbus IPC_Handler: action.name=Some("tank_list"), kind=GetData, target.module_name=None, data_ns=Some("Tank")
[2m2026-02-18T11:15:43.892212Z[0m [32m INFO[0m [1mActor[0m[1m{[0m[3mid[0m[2m=[0m"0.8"
 [3mname[0m[2m=[0m"ClientIpcHandler"[1m}[0m[2m:[0m [2mikm_controller::actors::ipc_handler[0m[2m:[0m tank_list: отправляем ответ в ipc_router
[2m2026-02-18T11:15:44.591461Z[0m [34mDEBUG[0m [1mrequest[0m[1m{[0m[3mmethod[0m[2m=[0mGET
 [3muri[0m[2m=[0m/
 [3mversion[0m[2m=[0mHTTP/1.1[1m}[0m[2m:[0m [2mtower_http::trace::on_request[0m[2m:[0m started processing request
[2m2026-02-18T11:15:44.591598Z[0m [34mDEBUG[0m [1mrequest[0m[1m{[0m[3mmethod[0m[2m=[0mGET
 [3muri[0m[2m=[0m/
 [3mversion[0m[2m=[0mHTTP/1.1[1m}[0m[2m:[0m [2mtower_http::trace::on_response[0m[2m:[0m finished processing request
 [3mlatency[0m[2m=[0m0 ms
 [3mstatus[0m[2m=[0m200
[2m2026-02-18T11:15:44.655973Z[0m [34mDEBUG[0m [1mrequest[0m[1m{[0m[3mmethod[0m[2m=[0mGET
 [3muri[0m[2m=[0m/runtime.107f3da347f322c1.js
 [3mversion[0m[2m=[0mHTTP/1.1[1m}[0m[2m:[0m [2mtower_http::trace::on_request[0m[2m:[0m started processing request
[2m2026-02-18T11:15:44.656077Z[0m [34mDEBUG[0m [1mrequest[0m[1m{[0m[3mmethod[0m[2m=[0mGET
 [3muri[0m[2m=[0m/runtime.107f3da347f322c1.js
 [3mversion[0m[2m=[0mHTTP/1.1[1m}[0m[2m:[0m [2mtower_http::trace::on_response[0m[2m:[0m finished processing request
 [3mlatency[0m[2m=[0m0 ms
 [3mstatus[0m[2m=[0m200
[2m2026-02-18T11:15:44.698236Z[0m [34mDEBUG[0m [1mrequest[0m[1m{[0m[3mmethod[0m[2m=[0mGET
 [3muri[0m[2m=[0m/Inter-Regular.358200361080fccb.woff2
 [3mversion[0m[2m=[0mHTTP/1.1[1m}[0m[2m:[0m [2mtower_http::trace::on_request[0m[2m:[0m started processing request
[2m2026-02-18T11:15:44.698362Z[0m [34mDEBUG[0m [1mrequest[0m[1m{[0m[3mmethod[0m[2m=[0mGET
 [3muri[0m[2m=[0m/Inter-Regular.358200361080fccb.woff2
 [3mversion[0m[2m=[0mHTTP/1.1[1m}[0m[2m:[0m [2mtower_http::trace::on_response[0m[2m:[0m finished processing request
 [3mlatency[0m[2m=[0m0 ms
 [3mstatus[0m[2m=[0m200
[2m2026-02-18T11:15:44.706198Z[0m [34mDEBUG[0m [1mrequest[0m[1m{[0m[3mmethod[0m[2m=[0mGET
 [3muri[0m[2m=[0m/polyfills.51335943bfb38999.js
 [3mversion[0m[2m=[0mHTTP/1.1[1m}[0m[2m:[0m [2mtower_http::trace::on_request[0m[2m:[0m started processing request
[2m2026-02-18T11:15:44.706232Z[0m [34mDEBUG[0m [1mrequest[0m[1m{[0m[3mmethod[0m[2m=[0mGET
 [3muri[0m[2m=[0m/vendor.fb62bd4c33c5d68c.js
 [3mversion[0m[2m=[0mHTTP/1.1[1m}[0m[2m:[0m [2mtower_http::trace::on_request[0m[2m:[0m started processing request
[2m2026-02-18T11:15:44.706311Z[0m [34mDEBUG[0m [1mrequest[0m[1m{[0m[3mmethod[0m[2m=[0mGET
 [3muri[0m[2m=[0m/polyfills.51335943bfb38999.js
 [3mversion[0m[2m=[0mHTTP/1.1[1m}[0m[2m:[0m [2mtower_http::trace::on_response[0m[2m:[0m finished processing request
 [3mlatency[0m[2m=[0m0 ms
 [3mstatus[0m[2m=[0m200
[2m2026-02-18T11:15:44.706337Z[0m [34mDEBUG[0m [1mrequest[0m[1m{[0m[3mmethod[0m[2m=[0mGET
 [3muri[0m[2m=[0m/vendor.fb62bd4c33c5d68c.js
 [3mversion[0m[2m=[0mHTTP/1.1[1m}[0m[2m:[0m [2mtower_http::trace::on_response[0m[2m:[0m finished processing request
 [3mlatency[0m[2m=[0m0 ms
 [3mstatus[0m[2m=[0m200
[2m2026-02-18T11:15:44.708721Z[0m [34mDEBUG[0m [1mrequest[0m[1m{[0m[3mmethod[0m[2m=[0mGET
 [3muri[0m[2m=[0m/main.0b661d0d7a7a9466.js
 [3mversion[0m[2m=[0mHTTP/1.1[1m}[0m[2m:[0m [2mtower_http::trace::on_request[0m[2m:[0m started processing request
[2m2026-02-18T11:15:44.708796Z[0m [34mDEBUG[0m [1mrequest[0m[1m{[0m[3mmethod[0m[2m=[0mGET
 [3muri[0m[2m=[0m/main.0b661d0d7a7a9466.js
 [3mversion[0m[2m=[0mHTTP/1.1[1m}[0m[2m:[0m [2mtower_http::trace::on_response[0m[2m:[0m finished processing request
 [3mlatency[0m[2m=[0m0 ms
 [3mstatus[0m[2m=[0m200
[2m2026-02-18T11:15:44.810698Z[0m [34mDEBUG[0m [1mrequest[0m[1m{[0m[3mmethod[0m[2m=[0mGET
 [3muri[0m[2m=[0m/styles.7a1a13b4e05edb78.css
 [3mversion[0m[2m=[0mHTTP/1.1[1m}[0m[2m:[0m [2mtower_http::trace::on_request[0m[2m:[0m started processing request
[2m2026-02-18T11:15:44.810836Z[0m [34mDEBUG[0m [1mrequest[0m[1m{[0m[3mmethod[0m[2m=[0mGET
 [3muri[0m[2m=[0m/styles.7a1a13b4e05edb78.css
 [3mversion[0m[2m=[0mHTTP/1.1[1m}[0m[2m:[0m [2mtower_http::trace::on_response[0m[2m:[0m finished processing request
 [3mlatency[0m[2m=[0m0 ms
 [3mstatus[0m[2m=[0m200
[2m2026-02-18T11:15:45.120599Z[0m [34mDEBUG[0m [1mrequest[0m[1m{[0m[3mmethod[0m[2m=[0mGET
 [3muri[0m[2m=[0m/99887.8b2135262f49c40b.js
 [3mversion[0m[2m=[0mHTTP/1.1[1m}[0m[2m:[0m [2mtower_http::trace::on_request[0m[2m:[0m started processing request
[2m2026-02-18T11:15:45.120690Z[0m [34mDEBUG[0m [1mrequest[0m[1m{[0m[3mmethod[0m[2m=[0mGET
 [3muri[0m[2m=[0m/34521.d99080f3ef888323.js
 [3mversion[0m[2m=[0mHTTP/1.1[1m}[0m[2m:[0m [2mtower_http::trace::on_request[0m[2m:[0m started processing request
[2m2026-02-18T11:15:45.120736Z[0m [34mDEBUG[0m [1mrequest[0m[1m{[0m[3mmethod[0m[2m=[0mGET
 [3muri[0m[2m=[0m/99887.8b2135262f49c40b.js
 [3mversion[0m[2m=[0mHTTP/1.1[1m}[0m[2m:[0m [2mtower_http::trace::on_response[0m[2m:[0m finished processing request
 [3mlatency[0m[2m=[0m0 ms
 [3mstatus[0m[2m=[0m200
[2m2026-02-18T11:15:45.120771Z[0m [34mDEBUG[0m [1mrequest[0m[1m{[0m[3mmethod[0m[2m=[0mGET
 [3muri[0m[2m=[0m/34521.d99080f3ef888323.js
 [3mversion[0m[2m=[0mHTTP/1.1[1m}[0m[2m:[0m [2mtower_http::trace::on_response[0m[2m:[0m finished processing request
 [3mlatency[0m[2m=[0m0 ms
 [3mstatus[0m[2m=[0m200
[2m2026-02-18T11:15:45.626457Z[0m [34mDEBUG[0m [1mrequest[0m[1m{[0m[3mmethod[0m[2m=[0mGET
 [3muri[0m[2m=[0m/ws
 [3mversion[0m[2m=[0mHTTP/1.1[1m}[0m[2m:[0m [2mtower_http::trace::on_request[0m[2m:[0m started processing request
[2m2026-02-18T11:15:45.626491Z[0m [34mDEBUG[0m [1mrequest[0m[1m{[0m[3mmethod[0m[2m=[0mGET
 [3muri[0m[2m=[0m/ws
 [3mversion[0m[2m=[0mHTTP/1.1[1m}[0m[2m:[0m [2mtower_http::trace::on_response[0m[2m:[0m finished processing request
 [3mlatency[0m[2m=[0m0 ms
 [3mstatus[0m[2m=[0m101
[2m2026-02-18T11:15:45.702574Z[0m [34mDEBUG[0m [1mrequest[0m[1m{[0m[3mmethod[0m[2m=[0mGET
 [3muri[0m[2m=[0m/28026.09578dfaf54fcb63.js
 [3mversion[0m[2m=[0mHTTP/1.1[1m}[0m[2m:[0m [2mtower_http::trace::on_request[0m[2m:[0m started processing request
[2m2026-02-18T11:15:45.702707Z[0m [34mDEBUG[0m [1mrequest[0m[1m{[0m[3mmethod[0m[2m=[0mGET
 [3muri[0m[2m=[0m/28026.09578dfaf54fcb63.js
 [3mversion[0m[2m=[0mHTTP/1.1[1m}[0m[2m:[0m [2mtower_http::trace::on_response[0m[2m:[0m finished processing request
 [3mlatency[0m[2m=[0m0 ms
 [3mstatus[0m[2m=[0m200
[2m2026-02-18T11:15:45.708623Z[0m [34mDEBUG[0m [1mrequest[0m[1m{[0m[3mmethod[0m[2m=[0mGET
 [3muri[0m[2m=[0m/93564.8e0871c7fa106b8f.js
 [3mversion[0m[2m=[0mHTTP/1.1[1m}[0m[2m:[0m [2mtower_http::trace::on_request[0m[2m:[0m started processing request
[2m2026-02-18T11:15:45.708630Z[0m [34mDEBUG[0m [1mrequest[0m[1m{[0m[3mmethod[0m[2m=[0mGET
 [3muri[0m[2m=[0m/52660.cedccda636ba2056.js
 [3mversion[0m[2m=[0mHTTP/1.1[1m}[0m[2m:[0m [2mtower_http::trace::on_request[0m[2m:[0m started processing request
[2m2026-02-18T11:15:45.708701Z[0m [34mDEBUG[0m [1mrequest[0m[1m{[0m[3mmethod[0m[2m=[0mGET
 [3muri[0m[2m=[0m/72925.f62f54fc137a03aa.js
 [3mversion[0m[2m=[0mHTTP/1.1[1m}[0m[2m:[0m [2mtower_http::trace::on_request[0m[2m:[0m started processing request
[2m2026-02-18T11:15:45.708716Z[0m [34mDEBUG[0m [1mrequest[0m[1m{[0m[3mmethod[0m[2m=[0mGET
 [3muri[0m[2m=[0m/52660.cedccda636ba2056.js
 [3mversion[0m[2m=[0mHTTP/1.1[1m}[0m[2m:[0m [2mtower_http::trace::on_response[0m[2m:[0m finished processing request
 [3mlatency[0m[2m=[0m0 ms
 [3mstatus[0m[2m=[0m200
[2m2026-02-18T11:15:45.708766Z[0m [34mDEBUG[0m [1mrequest[0m[1m{[0m[3mmethod[0m[2m=[0mGET
 [3muri[0m[2m=[0m/72925.f62f54fc137a03aa.js
 [3mversion[0m[2m=[0mHTTP/1.1[1m}[0m[2m:[0m [2mtower_http::trace::on_response[0m[2m:[0m finished processing request
 [3mlatency[0m[2m=[0m0 ms
 [3mstatus[0m[2m=[0m200
[2m2026-02-18T11:15:45.709735Z[0m [34mDEBUG[0m [1mrequest[0m[1m{[0m[3mmethod[0m[2m=[0mGET
 [3muri[0m[2m=[0m/93564.8e0871c7fa106b8f.js
 [3mversion[0m[2m=[0mHTTP/1.1[1m}[0m[2m:[0m [2mtower_http::trace::on_response[0m[2m:[0m finished processing request
 [3mlatency[0m[2m=[0m1 ms
 [3mstatus[0m[2m=[0m200
[2m2026-02-18T11:15:45.709828Z[0m [34mDEBUG[0m [1mrequest[0m[1m{[0m[3mmethod[0m[2m=[0mGET
 [3muri[0m[2m=[0m/10528.abaa73c549edc5dd.js
 [3mversion[0m[2m=[0mHTTP/1.1[1m}[0m[2m:[0m [2mtower_http::trace::on_request[0m[2m:[0m started processing request
[2m2026-02-18T11:15:45.709916Z[0m [34mDEBUG[0m [1mrequest[0m[1m{[0m[3mmethod[0m[2m=[0mGET
 [3muri[0m[2m=[0m/10528.abaa73c549edc5dd.js
 [3mversion[0m[2m=[0mHTTP/1.1[1m}[0m[2m:[0m [2mtower_http::trace::on_response[0m[2m:[0m finished processing request
 [3mlatency[0m[2m=[0m0 ms
 [3mstatus[0m[2m=[0m200
[2m2026-02-18T11:15:45.711284Z[0m [34mDEBUG[0m [1mrequest[0m[1m{[0m[3mmethod[0m[2m=[0mGET
 [3muri[0m[2m=[0m/23545.a8dfa9715a02ffbc.js
 [3mversion[0m[2m=[0mHTTP/1.1[1m}[0m[2m:[0m [2mtower_http::trace::on_request[0m[2m:[0m started processing request
[2m2026-02-18T11:15:45.711361Z[0m [34mDEBUG[0m [1mrequest[0m[1m{[0m[3mmethod[0m[2m=[0mGET
 [3muri[0m[2m=[0m/23545.a8dfa9715a02ffbc.js
 [3mversion[0m[2m=[0mHTTP/1.1[1m}[0m[2m:[0m [2mtower_http::trace::on_response[0m[2m:[0m finished processing request
 [3mlatency[0m[2m=[0m0 ms
 [3mstatus[0m[2m=[0m200
[2m2026-02-18T11:15:45.717599Z[0m [34mDEBUG[0m [1mrequest[0m[1m{[0m[3mmethod[0m[2m=[0mGET
 [3muri[0m[2m=[0m/40374.5af83576dd7ccf4b.js
 [3mversion[0m[2m=[0mHTTP/1.1[1m}[0m[2m:[0m [2mtower_http::trace::on_request[0m[2m:[0m started processing request
[2m2026-02-18T11:15:45.717676Z[0m [34mDEBUG[0m [1mrequest[0m[1m{[0m[3mmethod[0m[2m=[0mGET
 [3muri[0m[2m=[0m/40374.5af83576dd7ccf4b.js
 [3mversion[0m[2m=[0mHTTP/1.1[1m}[0m[2m:[0m [2mtower_http::trace::on_response[0m[2m:[0m finished processing request
 [3mlatency[0m[2m=[0m0 ms
 [3mstatus[0m[2m=[0m200
[2m2026-02-18T11:15:45.718858Z[0m [34mDEBUG[0m [1mrequest[0m[1m{[0m[3mmethod[0m[2m=[0mGET
 [3muri[0m[2m=[0m/86082.a030c8609b6204f5.js
 [3mversion[0m[2m=[0mHTTP/1.1[1m}[0m[2m:[0m [2mtower_http::trace::on_request[0m[2m:[0m started processing request
[2m2026-02-18T11:15:45.718905Z[0m [34mDEBUG[0m [1mrequest[0m[1m{[0m[3mmethod[0m[2m=[0mGET
 [3muri[0m[2m=[0m/54139.2a62adb4a2c2d15c.js
 [3mversion[0m[2m=[0mHTTP/1.1[1m}[0m[2m:[0m [2mtower_http::trace::on_request[0m[2m:[0m started processing request
[2m2026-02-18T11:15:45.718944Z[0m [34mDEBUG[0m [1mrequest[0m[1m{[0m[3mmethod[0m[2m=[0mGET
 [3muri[0m[2m=[0m/86082.a030c8609b6204f5.js
 [3mversion[0m[2m=[0mHTTP/1.1[1m}[0m[2m:[0m [2mtower_http::trace::on_response[0m[2m:[0m finished processing request
 [3mlatency[0m[2m=[0m0 ms
 [3mstatus[0m[2m=[0m200
[2m2026-02-18T11:15:45.718967Z[0m [34mDEBUG[0m [1mrequest[0m[1m{[0m[3mmethod[0m[2m=[0mGET
 [3muri[0m[2m=[0m/54139.2a62adb4a2c2d15c.js
 [3mversion[0m[2m=[0mHTTP/1.1[1m}[0m[2m:[0m [2mtower_http::trace::on_response[0m[2m:[0m finished processing request
 [3mlatency[0m[2m=[0m0 ms
 [3mstatus[0m[2m=[0m200
[2m2026-02-18T11:15:45.776858Z[0m [34mDEBUG[0m [1mrequest[0m[1m{[0m[3mmethod[0m[2m=[0mGET
 [3muri[0m[2m=[0m/37108.45d2ba2c63236a12.js
 [3mversion[0m[2m=[0mHTTP/1.1[1m}[0m[2m:[0m [2mtower_http::trace::on_request[0m[2m:[0m started processing request
[2m2026-02-18T11:15:45.776872Z[0m [34mDEBUG[0m [1mrequest[0m[1m{[0m[3mmethod[0m[2m=[0mGET
 [3muri[0m[2m=[0m/32676.31263e27b475146f.js
 [3mversion[0m[2m=[0mHTTP/1.1[1m}[0m[2m:[0m [2mtower_http::trace::on_request[0m[2m:[0m started processing request
[2m2026-02-18T11:15:45.776899Z[0m [34mDEBUG[0m [1mrequest[0m[1m{[0m[3mmethod[0m[2m=[0mGET
 [3muri[0m[2m=[0m/69644.899a3113b5648313.js
 [3mversion[0m[2m=[0mHTTP/1.1[1m}[0m[2m:[0m [2mtower_http::trace::on_request[0m[2m:[0m started processing request
[2m2026-02-18T11:15:45.776958Z[0m [34mDEBUG[0m [1mrequest[0m[1m{[0m[3mmethod[0m[2m=[0mGET
 [3muri[0m[2m=[0m/37108.45d2ba2c63236a12.js
 [3mversion[0m[2m=[0mHTTP/1.1[1m}[0m[2m:[0m [2mtower_http::trace::on_response[0m[2m:[0m finished processing request
 [3mlatency[0m[2m=[0m0 ms
 [3mstatus[0m[2m=[0m200
[2m2026-02-18T11:15:45.776958Z[0m [34mDEBUG[0m [1mrequest[0m[1m{[0m[3mmethod[0m[2m=[0mGET
 [3muri[0m[2m=[0m/69644.899a3113b5648313.js
 [3mversion[0m[2m=[0mHTTP/1.1[1m}[0m[2m:[0m [2mtower_http::trace::on_response[0m[2m:[0m finished processing request
 [3mlatency[0m[2m=[0m0 ms
 [3mstatus[0m[2m=[0m200
[2m2026-02-18T11:15:45.776965Z[0m [34mDEBUG[0m [1mrequest[0m[1m{[0m[3mmethod[0m[2m=[0mGET
 [3muri[0m[2m=[0m/32676.31263e27b475146f.js
 [3mversion[0m[2m=[0mHTTP/1.1[1m}[0m[2m:[0m [2mtower_http::trace::on_response[0m[2m:[0m finished processing request
 [3mlatency[0m[2m=[0m0 ms
 [3mstatus[0m[2m=[0m200
[2m2026-02-18T11:15:45.831870Z[0m [34mDEBUG[0m [1mrequest[0m[1m{[0m[3mmethod[0m[2m=[0mGET
 [3muri[0m[2m=[0m/71112.07146e974267b668.js
 [3mversion[0m[2m=[0mHTTP/1.1[1m}[0m[2m:[0m [2mtower_http::trace::on_request[0m[2m:[0m started processing request
[2m2026-02-18T11:15:45.831884Z[0m [34mDEBUG[0m [1mrequest[0m[1m{[0m[3mmethod[0m[2m=[0mGET
 [3muri[0m[2m=[0m/27329.e2e9770d4264b337.js
 [3mversion[0m[2m=[0mHTTP/1.1[1m}[0m[2m:[0m [2mtower_http::trace::on_request[0m[2m:[0m started processing request
[2m2026-02-18T11:15:45.831973Z[0m [34mDEBUG[0m [1mrequest[0m[1m{[0m[3mmethod[0m[2m=[0mGET
 [3muri[0m[2m=[0m/27329.e2e9770d4264b337.js
 [3mversion[0m[2m=[0mHTTP/1.1[1m}[0m[2m:[0m [2mtower_http::trace::on_response[0m[2m:[0m finished processing request
 [3mlatency[0m[2m=[0m0 ms
 [3mstatus[0m[2m=[0m200
[2m2026-02-18T11:15:45.831973Z[0m [34mDEBUG[0m [1mrequest[0m[1m{[0m[3mmethod[0m[2m=[0mGET
 [3muri[0m[2m=[0m/71112.07146e974267b668.js
 [3mversion[0m[2m=[0mHTTP/1.1[1m}[0m[2m:[0m [2mtower_http::trace::on_response[0m[2m:[0m finished processing request
 [3mlatency[0m[2m=[0m0 ms
 [3mstatus[0m[2m=[0m200
[2m2026-02-18T11:15:45.912201Z[0m [34mDEBUG[0m [1mrequest[0m[1m{[0m[3mmethod[0m[2m=[0mGET
 [3muri[0m[2m=[0m/logo-spectr.svg
 [3mversion[0m[2m=[0mHTTP/1.1[1m}[0m[2m:[0m [2mtower_http::trace::on_request[0m[2m:[0m started processing request
[2m2026-02-18T11:15:45.912311Z[0m [34mDEBUG[0m [1mrequest[0m[1m{[0m[3mmethod[0m[2m=[0mGET
 [3muri[0m[2m=[0m/logo-spectr.svg
 [3mversion[0m[2m=[0mHTTP/1.1[1m}[0m[2m:[0m [2mtower_http::trace::on_response[0m[2m:[0m finished processing request
 [3mlatency[0m[2m=[0m0 ms
 [3mstatus[0m[2m=[0m200
[2m2026-02-18T11:15:46.035052Z[0m [34mDEBUG[0m [1mrequest[0m[1m{[0m[3mmethod[0m[2m=[0mGET
 [3muri[0m[2m=[0m/Inter-SemiBold.6ea51c0eff654c89.woff2
 [3mversion[0m[2m=[0mHTTP/1.1[1m}[0m[2m:[0m [2mtower_http::trace::on_request[0m[2m:[0m started processing request
[2m2026-02-18T11:15:46.035100Z[0m [34mDEBUG[0m [1mrequest[0m[1m{[0m[3mmethod[0m[2m=[0mGET
 [3muri[0m[2m=[0m/grid.png
 [3mversion[0m[2m=[0mHTTP/1.1[1m}[0m[2m:[0m [2mtower_http::trace::on_request[0m[2m:[0m started processing request
[2m2026-02-18T11:15:46.035114Z[0m [34mDEBUG[0m [1mrequest[0m[1m{[0m[3mmethod[0m[2m=[0mGET
 [3muri[0m[2m=[0m/Inter-Medium.94afb4f3993a225e.woff2
 [3mversion[0m[2m=[0mHTTP/1.1[1m}[0m[2m:[0m [2mtower_http::trace::on_request[0m[2m:[0m started processing request
[2m2026-02-18T11:15:46.035155Z[0m [34mDEBUG[0m [1mrequest[0m[1m{[0m[3mmethod[0m[2m=[0mGET
 [3muri[0m[2m=[0m/grid.png
 [3mversion[0m[2m=[0mHTTP/1.1[1m}[0m[2m:[0m [2mtower_http::trace::on_response[0m[2m:[0m finished processing request
 [3mlatency[0m[2m=[0m0 ms
 [3mstatus[0m[2m=[0m200
[2m2026-02-18T11:15:46.035154Z[0m [34mDEBUG[0m [1mrequest[0m[1m{[0m[3mmethod[0m[2m=[0mGET
 [3muri[0m[2m=[0m/Inter-SemiBold.6ea51c0eff654c89.woff2
 [3mversion[0m[2m=[0mHTTP/1.1[1m}[0m[2m:[0m [2mtower_http::trace::on_response[0m[2m:[0m finished processing request
 [3mlatency[0m[2m=[0m0 ms
 [3mstatus[0m[2m=[0m200
[2m2026-02-18T11:15:46.035187Z[0m [34mDEBUG[0m [1mrequest[0m[1m{[0m[3mmethod[0m[2m=[0mGET
 [3muri[0m[2m=[0m/Inter-Medium.94afb4f3993a225e.woff2
 [3mversion[0m[2m=[0mHTTP/1.1[1m}[0m[2m:[0m [2mtower_http::trace::on_response[0m[2m:[0m finished processing request
 [3mlatency[0m[2m=[0m0 ms
 [3mstatus[0m[2m=[0m200
[2m2026-02-18T11:15:46.403671Z[0m [34mDEBUG[0m [1mrequest[0m[1m{[0m[3mmethod[0m[2m=[0mGET
 [3muri[0m[2m=[0m/favicon.ico
 [3mversion[0m[2m=[0mHTTP/1.1[1m}[0m[2m:[0m [2mtower_http::trace::on_request[0m[2m:[0m started processing request
[2m2026-02-18T11:15:46.403778Z[0m [34mDEBUG[0m [1mrequest[0m[1m{[0m[3mmethod[0m[2m=[0mGET
 [3muri[0m[2m=[0m/favicon.ico
 [3mversion[0m[2m=[0mHTTP/1.1[1m}[0m[2m:[0m [2mtower_http::trace::on_response[0m[2m:[0m finished processing request
 [3mlatency[0m[2m=[0m0 ms
 [3mstatus[0m[2m=[0m200
[2m2026-02-18T11:15:46.902048Z[0m [32m INFO[0m [2mtaxon_core::actors::ipc::http_actor[0m[2m:[0m recv msg from ws
[2m2026-02-18T11:15:46.902111Z[0m [32m INFO[0m [2mtaxon_core::actors::ipc::http_actor[0m[2m:[0m send ws message to handler
[2m2026-02-18T11:15:46.902172Z[0m [32m INFO[0m [1mActor[0m[1m{[0m[3mid[0m[2m=[0m"0.8"
 [3mname[0m[2m=[0m"ClientIpcHandler"[1m}[0m[2m:[0m [2mikm_controller::actors::ipc_handler[0m[2m:[0m Modbus IPC_Handler: получено IPC сообщение: peer=019c7074-383d-7c62-9cad-07967248e4fd, protocol=WS
[2m2026-02-18T11:15:46.902225Z[0m [32m INFO[0m [1mActor[0m[1m{[0m[3mid[0m[2m=[0m"0.8"
 [3mname[0m[2m=[0m"ClientIpcHandler"[1m}[0m[2m:[0m [2mikm_controller::actors::ipc_handler[0m[2m:[0m Modbus IPC_Handler: raw msg =
{
  "type": "Action",
  "action": {
    "name": "tank_list",
    "type": "GetData",
    "args": {
      "ids": [],
      "fields": "All"
    },
    "target": {
      "type": "Data",
      "data_ns": "Tank"
    }
  },
  "id": 3549732179,
  "guaranteed": null,
  "send_at": null,
  "from_user": "admin",
  "from_module": null,
  "with_roles": [
    "operator",
    "engineer",
    "admin"
  ],
  "in_group": null,
  "in_process": null,
  "in_device": null,
  "for_module": null,
  "for_user": null
}
[2m2026-02-18T11:15:46.902237Z[0m [32m INFO[0m [1mActor[0m[1m{[0m[3mid[0m[2m=[0m"0.8"
 [3mname[0m[2m=[0m"ClientIpcHandler"[1m}[0m[2m:[0m [2mikm_controller::actors::ipc_handler[0m[2m:[0m Modbus IPC_Handler: action.name=Some("tank_list"), kind=GetData, target.module_name=None, data_ns=Some("Tank")
[2m2026-02-18T11:15:46.902333Z[0m [32m INFO[0m [1mActor[0m[1m{[0m[3mid[0m[2m=[0m"0.8"
 [3mname[0m[2m=[0m"ClientIpcHandler"[1m}[0m[2m:[0m [2mikm_controller::actors::ipc_handler[0m[2m:[0m tank_list: отправляем ответ в ipc_router
[2m2026-02-18T11:15:49.891276Z[0m [32m INFO[0m [2mtaxon_core::actors::ipc::http_actor[0m[2m:[0m recv msg from ws
[2m2026-02-18T11:15:49.891338Z[0m [32m INFO[0m [2mtaxon_core::actors::ipc::http_actor[0m[2m:[0m send ws message to handler
[2m2026-02-18T11:15:49.891391Z[0m [32m INFO[0m [1mActor[0m[1m{[0m[3mid[0m[2m=[0m"0.8"
 [3mname[0m[2m=[0m"ClientIpcHandler"[1m}[0m[2m:[0m [2mikm_controller::actors::ipc_handler[0m[2m:[0m Modbus IPC_Handler: получено IPC сообщение: peer=019c7074-383d-7c62-9cad-07967248e4fd, protocol=WS
[2m2026-02-18T11:15:49.891432Z[0m [32m INFO[0m [1mActor[0m[1m{[0m[3mid[0m[2m=[0m"0.8"
 [3mname[0m[2m=[0m"ClientIpcHandler"[1m}[0m[2m:[0m [2mikm_controller::actors::ipc_handler[0m[2m:[0m Modbus IPC_Handler: raw msg =
{
  "type": "Action",
  "action": {
    "name": "tank_list",
    "type": "GetData",
    "args": {
      "ids": [],
      "fields": "All"
    },
    "target": {
      "type": "Data",
      "data_ns": "Tank"
    }
  },
  "id": 3179506219,
  "guaranteed": null,
  "send_at": null,
  "from_user": "admin",
  "from_module": null,
  "with_roles": [
    "operator",
    "engineer",
    "admin"
  ],
  "in_group": null,
  "in_process": null,
  "in_device": null,
  "for_module": null,
  "for_user": null
}
[2m2026-02-18T11:15:49.891439Z[0m [32m INFO[0m [1mActor[0m[1m{[0m[3mid[0m[2m=[0m"0.8"
 [3mname[0m[2m=[0m"ClientIpcHandler"[1m}[0m[2m:[0m [2mikm_controller::actors::ipc_handler[0m[2m:[0m Modbus IPC_Handler: action.name=Some("tank_list"), kind=GetData, target.module_name=None, data_ns=Some("Tank")
[2m2026-02-18T11:15:49.891532Z[0m [32m INFO[0m [1mActor[0m[1m{[0m[3mid[0m[2m=[0m"0.8"
 [3mname[0m[2m=[0m"ClientIpcHandler"[1m}[0m[2m:[0m [2mikm_controller::actors::ipc_handler[0m[2m:[0m tank_list: отправляем ответ в ipc_router
[2m2026-02-18T11:15:52.981708Z[0m [32m INFO[0m [2mtaxon_core::actors::ipc::http_actor[0m[2m:[0m recv msg from ws
[2m2026-02-18T11:15:52.981782Z[0m [32m INFO[0m [2mtaxon_core::actors::ipc::http_actor[0m[2m:[0m send ws message to handler
[2m2026-02-18T11:15:52.981852Z[0m [32m INFO[0m [1mActor[0m[1m{[0m[3mid[0m[2m=[0m"0.8"
 [3mname[0m[2m=[0m"ClientIpcHandler"[1m}[0m[2m:[0m [2mikm_controller::actors::ipc_handler[0m[2m:[0m Modbus IPC_Handler: получено IPC сообщение: peer=019c7074-383d-7c62-9cad-07967248e4fd, protocol=WS
[2m2026-02-18T11:15:52.981891Z[0m [32m INFO[0m [1mActor[0m[1m{[0m[3mid[0m[2m=[0m"0.8"
 [3mname[0m[2m=[0m"ClientIpcHandler"[1m}[0m[2m:[0m [2mikm_controller::actors::ipc_handler[0m[2m:[0m Modbus IPC_Handler: raw msg =
{
  "type": "Action",
  "action": {
    "name": "tank_list",
    "type": "GetData",
    "args": {
      "ids": [],
      "fields": "All"
    },
    "target": {
      "type": "Data",
      "data_ns": "Tank"
    }
  },
  "id": 3829598061,
  "guaranteed": null,
  "send_at": null,
  "from_user": "admin",
  "from_module": null,
  "with_roles": [
    "operator",
    "engineer",
    "admin"
  ],
  "in_group": null,
  "in_process": null,
  "in_device": null,
  "for_module": null,
  "for_user": null
}
[2m2026-02-18T11:15:52.981899Z[0m [32m INFO[0m [1mActor[0m[1m{[0m[3mid[0m[2m=[0m"0.8"
 [3mname[0m[2m=[0m"ClientIpcHandler"[1m}[0m[2m:[0m [2mikm_controller::actors::ipc_handler[0m[2m:[0m Modbus IPC_Handler: action.name=Some("tank_list"), kind=GetData, target.module_name=None, data_ns=Some("Tank")
[2m2026-02-18T11:15:52.981986Z[0m [32m INFO[0m [1mActor[0m[1m{[0m[3mid[0m[2m=[0m"0.8"
 [3mname[0m[2m=[0m"ClientIpcHandler"[1m}[0m[2m:[0m [2mikm_controller::actors::ipc_handler[0m[2m:[0m tank_list: отправляем ответ в ipc_router
[2m2026-02-18T11:15:55.901601Z[0m [32m INFO[0m [2mtaxon_core::actors::ipc::http_actor[0m[2m:[0m recv msg from ws
[2m2026-02-18T11:15:55.901671Z[0m [32m INFO[0m [2mtaxon_core::actors::ipc::http_actor[0m[2m:[0m send ws message to handler
[2m2026-02-18T11:15:55.901883Z[0m [32m INFO[0m [1mActor[0m[1m{[0m[3mid[0m[2m=[0m"0.8"
 [3mname[0m[2m=[0m"ClientIpcHandler"[1m}[0m[2m:[0m [2mikm_controller::actors::ipc_handler[0m[2m:[0m Modbus IPC_Handler: получено IPC сообщение: peer=019c7074-383d-7c62-9cad-07967248e4fd, protocol=WS
[2m2026-02-18T11:15:55.901925Z[0m [32m INFO[0m [1mActor[0m[1m{[0m[3mid[0m[2m=[0m"0.8"
 [3mname[0m[2m=[0m"ClientIpcHandler"[1m}[0m[2m:[0m [2mikm_controller::actors::ipc_handler[0m[2m:[0m Modbus IPC_Handler: raw msg =
{
  "type": "Action",
  "action": {
    "name": "tank_list",
    "type": "GetData",
    "args": {
      "ids": [],
      "fields": "All"
    },
    "target": {
      "type": "Data",
      "data_ns": "Tank"
    }
  },
  "id": 7109185,
  "guaranteed": null,
  "send_at": null,
  "from_user": "admin",
  "from_module": null,
  "with_roles": [
    "operator",
    "engineer",
    "admin"
  ],
  "in_group": null,
  "in_process": null,
  "in_device": null,
  "for_module": null,
  "for_user": null
}
[2m2026-02-18T11:15:55.901933Z[0m [32m INFO[0m [1mActor[0m[1m{[0m[3mid[0m[2m=[0m"0.8"
 [3mname[0m[2m=[0m"ClientIpcHandler"[1m}[0m[2m:[0m [2mikm_controller::actors::ipc_handler[0m[2m:[0m Modbus IPC_Handler: action.name=Some("tank_list"), kind=GetData, target.module_name=None, data_ns=Some("Tank")
[2m2026-02-18T11:15:55.902026Z[0m [32m INFO[0m [1mActor[0m[1m{[0m[3mid[0m[2m=[0m"0.8"
 [3mname[0m[2m=[0m"ClientIpcHandler"[1m}[0m[2m:[0m [2mikm_controller::actors::ipc_handler[0m[2m:[0m tank_list: отправляем ответ в ipc_router
[2m2026-02-18T11:15:58.906699Z[0m [32m INFO[0m [2mtaxon_core::actors::ipc::http_actor[0m[2m:[0m recv msg from ws
[2m2026-02-18T11:15:58.906764Z[0m [32m INFO[0m [2mtaxon_core::actors::ipc::http_actor[0m[2m:[0m send ws message to handler
[2m2026-02-18T11:15:58.906862Z[0m [32m INFO[0m [1mActor[0m[1m{[0m[3mid[0m[2m=[0m"0.8"
 [3mname[0m[2m=[0m"ClientIpcHandler"[1m}[0m[2m:[0m [2mikm_controller::actors::ipc_handler[0m[2m:[0m Modbus IPC_Handler: получено IPC сообщение: peer=019c7074-383d-7c62-9cad-07967248e4fd, protocol=WS
[2m2026-02-18T11:15:58.906903Z[0m [32m INFO[0m [1mActor[0m[1m{[0m[3mid[0m[2m=[0m"0.8"
 [3mname[0m[2m=[0m"ClientIpcHandler"[1m}[0m[2m:[0m [2mikm_controller::actors::ipc_handler[0m[2m:[0m Modbus IPC_Handler: raw msg =
{
  "type": "Action",
  "action": {
    "name": "tank_list",
    "type": "GetData",
    "args": {
      "ids": [],
      "fields": "All"
    },
    "target": {
      "type": "Data",
      "data_ns": "Tank"
    }
  },
  "id": 1733589555,
  "guaranteed": null,
  "send_at": null,
  "from_user": "admin",
  "from_module": null,
  "with_roles": [
    "operator",
    "engineer",
    "admin"
  ],
  "in_group": null,
  "in_process": null,
  "in_device": null,
  "for_module": null,
  "for_user": null
}
[2m2026-02-18T11:15:58.906911Z[0m [32m INFO[0m [1mActor[0m[1m{[0m[3mid[0m[2m=[0m"0.8"
 [3mname[0m[2m=[0m"ClientIpcHandler"[1m}[0m[2m:[0m [2mikm_controller::actors::ipc_handler[0m[2m:[0m Modbus IPC_Handler: action.name=Some("tank_list"), kind=GetData, target.module_name=None, data_ns=Some("Tank")
[2m2026-02-18T11:15:58.907011Z[0m [32m INFO[0m [1mActor[0m[1m{[0m[3mid[0m[2m=[0m"0.8"
 [3mname[0m[2m=[0m"ClientIpcHandler"[1m}[0m[2m:[0m [2mikm_controller::actors::ipc_handler[0m[2m:[0m tank_list: отправляем ответ в ipc_router
[2m2026-02-18T11:16:01.895325Z[0m [32m INFO[0m [2mtaxon_core::actors::ipc::http_actor[0m[2m:[0m recv msg from ws
[2m2026-02-18T11:16:01.895396Z[0m [32m INFO[0m [2mtaxon_core::actors::ipc::http_actor[0m[2m:[0m send ws message to handler
[2m2026-02-18T11:16:01.895629Z[0m [32m INFO[0m [1mActor[0m[1m{[0m[3mid[0m[2m=[0m"0.8"
 [3mname[0m[2m=[0m"ClientIpcHandler"[1m}[0m[2m:[0m [2mikm_controller::actors::ipc_handler[0m[2m:[0m Modbus IPC_Handler: получено IPC сообщение: peer=019c7074-383d-7c62-9cad-07967248e4fd, protocol=WS
[2m2026-02-18T11:16:01.895674Z[0m [32m INFO[0m [1mActor[0m[1m{[0m[3mid[0m[2m=[0m"0.8"
 [3mname[0m[2m=[0m"ClientIpcHandler"[1m}[0m[2m:[0m [2mikm_controller::actors::ipc_handler[0m[2m:[0m Modbus IPC_Handler: raw msg =
{
  "type": "Action",
  "action": {
    "name": "tank_list",
    "type": "GetData",
    "args": {
      "ids": [],
      "fields": "All"
    },
    "target": {
      "type": "Data",
      "data_ns": "Tank"
    }
  },
  "id": 2790811751,
  "guaranteed": null,
  "send_at": null,
  "from_user": "admin",
  "from_module": null,
  "with_roles": [
    "operator",
    "engineer",
    "admin"
  ],
  "in_group": null,
  "in_process": null,
  "in_device": null,
  "for_module": null,
  "for_user": null
}
[2m2026-02-18T11:16:01.895683Z[0m [32m INFO[0m [1mActor[0m[1m{[0m[3mid[0m[2m=[0m"0.8"
 [3mname[0m[2m=[0m"ClientIpcHandler"[1m}[0m[2m:[0m [2mikm_controller::actors::ipc_handler[0m[2m:[0m Modbus IPC_Handler: action.name=Some("tank_list"), kind=GetData, target.module_name=None, data_ns=Some("Tank")
[2m2026-02-18T11:16:01.895770Z[0m [32m INFO[0m [1mActor[0m[1m{[0m[3mid[0m[2m=[0m"0.8"
 [3mname[0m[2m=[0m"ClientIpcHandler"[1m}[0m[2m:[0m [2mikm_controller::actors::ipc_handler[0m[2m:[0m tank_list: отправляем ответ в ipc_router
[2m2026-02-18T11:16:04.930964Z[0m [32m INFO[0m [2mtaxon_core::actors::ipc::http_actor[0m[2m:[0m recv msg from ws
[2m2026-02-18T11:16:04.931023Z[0m [32m INFO[0m [2mtaxon_core::actors::ipc::http_actor[0m[2m:[0m send ws message to handler
[2m2026-02-18T11:16:04.931189Z[0m [32m INFO[0m [1mActor[0m[1m{[0m[3mid[0m[2m=[0m"0.8"
 [3mname[0m[2m=[0m"ClientIpcHandler"[1m}[0m[2m:[0m [2mikm_controller::actors::ipc_handler[0m[2m:[0m Modbus IPC_Handler: получено IPC сообщение: peer=019c7074-383d-7c62-9cad-07967248e4fd, protocol=WS
[2m2026-02-18T11:16:04.931225Z[0m [32m INFO[0m [1mActor[0m[1m{[0m[3mid[0m[2m=[0m"0.8"
 [3mname[0m[2m=[0m"ClientIpcHandler"[1m}[0m[2m:[0m [2mikm_controller::actors::ipc_handler[0m[2m:[0m Modbus IPC_Handler: raw msg =
{
  "type": "Action",
  "action": {
    "name": "tank_list",
    "type": "GetData",
    "args": {
      "ids": [],
      "fields": "All"
    },
    "target": {
      "type": "Data",
      "data_ns": "Tank"
    }
  },
  "id": 3305738250,
  "guaranteed": null,
  "send_at": null,
  "from_user": "admin",
  "from_module": null,
  "with_roles": [
    "operator",
    "engineer",
    "admin"
  ],
  "in_group": null,
  "in_process": null,
  "in_device": null,
  "for_module": null,
  "for_user": null
}
[2m2026-02-18T11:16:04.931234Z[0m [32m INFO[0m [1mActor[0m[1m{[0m[3mid[0m[2m=[0m"0.8"
 [3mname[0m[2m=[0m"ClientIpcHandler"[1m}[0m[2m:[0m [2mikm_controller::actors::ipc_handler[0m[2m:[0m Modbus IPC_Handler: action.name=Some("tank_list"), kind=GetData, target.module_name=None, data_ns=Some("Tank")
[2m2026-02-18T11:16:04.931340Z[0m [32m INFO[0m [1mActor[0m[1m{[0m[3mid[0m[2m=[0m"0.8"
 [3mname[0m[2m=[0m"ClientIpcHandler"[1m}[0m[2m:[0m [2mikm_controller::actors::ipc_handler[0m[2m:[0m tank_list: отправляем ответ в ipc_router
[2m2026-02-18T11:16:07.899914Z[0m [32m INFO[0m [2mtaxon_core::actors::ipc::http_actor[0m[2m:[0m recv msg from ws
[2m2026-02-18T11:16:07.899984Z[0m [32m INFO[0m [2mtaxon_core::actors::ipc::http_actor[0m[2m:[0m send ws message to handler
[2m2026-02-18T11:16:07.900139Z[0m [32m INFO[0m [1mActor[0m[1m{[0m[3mid[0m[2m=[0m"0.8"
 [3mname[0m[2m=[0m"ClientIpcHandler"[1m}[0m[2m:[0m [2mikm_controller::actors::ipc_handler[0m[2m:[0m Modbus IPC_Handler: получено IPC сообщение: peer=019c7074-383d-7c62-9cad-07967248e4fd, protocol=WS
[2m2026-02-18T11:16:07.900178Z[0m [32m INFO[0m [1mActor[0m[1m{[0m[3mid[0m[2m=[0m"0.8"
 [3mname[0m[2m=[0m"ClientIpcHandler"[1m}[0m[2m:[0m [2mikm_controller::actors::ipc_handler[0m[2m:[0m Modbus IPC_Handler: raw msg =
{
  "type": "Action",
  "action": {
    "name": "tank_list",
    "type": "GetData",
    "args": {
      "ids": [],
      "fields": "All"
    },
    "target": {
      "type": "Data",
      "data_ns": "Tank"
    }
  },
  "id": 1965716587,
  "guaranteed": null,
  "send_at": null,
  "from_user": "admin",
  "from_module": null,
  "with_roles": [
    "operator",
    "engineer",
    "admin"
  ],
  "in_group": null,
  "in_process": null,
  "in_device": null,
  "for_module": null,
  "for_user": null
}
[2m2026-02-18T11:16:07.900185Z[0m [32m INFO[0m [1mActor[0m[1m{[0m[3mid[0m[2m=[0m"0.8"
 [3mname[0m[2m=[0m"ClientIpcHandler"[1m}[0m[2m:[0m [2mikm_controller::actors::ipc_handler[0m[2m:[0m Modbus IPC_Handler: action.name=Some("tank_list"), kind=GetData, target.module_name=None, data_ns=Some("Tank")
[2m2026-02-18T11:16:07.900271Z[0m [32m INFO[0m [1mActor[0m[1m{[0m[3mid[0m[2m=[0m"0.8"
 [3mname[0m[2m=[0m"ClientIpcHandler"[1m}[0m[2m:[0m [2mikm_controller::actors::ipc_handler[0m[2m:[0m tank_list: отправляем ответ в ipc_router
[2m2026-02-18T11:16:10.895999Z[0m [32m INFO[0m [2mtaxon_core::actors::ipc::http_actor[0m[2m:[0m recv msg from ws
[2m2026-02-18T11:16:10.896069Z[0m [32m INFO[0m [2mtaxon_core::actors::ipc::http_actor[0m[2m:[0m send ws message to handler
[2m2026-02-18T11:16:10.896227Z[0m [32m INFO[0m [1mActor[0m[1m{[0m[3mid[0m[2m=[0m"0.8"
 [3mname[0m[2m=[0m"ClientIpcHandler"[1m}[0m[2m:[0m [2mikm_controller::actors::ipc_handler[0m[2m:[0m Modbus IPC_Handler: получено IPC сообщение: peer=019c7074-383d-7c62-9cad-07967248e4fd, protocol=WS
[2m2026-02-18T11:16:10.896276Z[0m [32m INFO[0m [1mActor[0m[1m{[0m[3mid[0m[2m=[0m"0.8"
 [3mname[0m[2m=[0m"ClientIpcHandler"[1m}[0m[2m:[0m [2mikm_controller::actors::ipc_handler[0m[2m:[0m Modbus IPC_Handler: raw msg =
{
  "type": "Action",
  "action": {
    "name": "tank_list",
    "type": "GetData",
    "args": {
      "ids": [],
      "fields": "All"
    },
    "target": {
      "type": "Data",
      "data_ns": "Tank"
    }
  },
  "id": 1174756608,
  "guaranteed": null,
  "send_at": null,
  "from_user": "admin",
  "from_module": null,
  "with_roles": [
    "operator",
    "engineer",
    "admin"
  ],
  "in_group": null,
  "in_process": null,
  "in_device": null,
  "for_module": null,
  "for_user": null
}
[2m2026-02-18T11:16:10.896284Z[0m [32m INFO[0m [1mActor[0m[1m{[0m[3mid[0m[2m=[0m"0.8"
 [3mname[0m[2m=[0m"ClientIpcHandler"[1m}[0m[2m:[0m [2mikm_controller::actors::ipc_handler[0m[2m:[0m Modbus IPC_Handler: action.name=Some("tank_list"), kind=GetData, target.module_name=None, data_ns=Some("Tank")
[2m2026-02-18T11:16:10.896369Z[0m [32m INFO[0m [1mActor[0m[1m{[0m[3mid[0m[2m=[0m"0.8"
 [3mname[0m[2m=[0m"ClientIpcHandler"[1m}[0m[2m:[0m [2mikm_controller::actors::ipc_handler[0m[2m:[0m tank_list: отправляем ответ в ipc_router
[2m2026-02-18T11:16:13.909194Z[0m [32m INFO[0m [2mtaxon_core::actors::ipc::http_actor[0m[2m:[0m recv msg from ws
[2m2026-02-18T11:16:13.909266Z[0m [32m INFO[0m [2mtaxon_core::actors::ipc::http_actor[0m[2m:[0m send ws message to handler
[2m2026-02-18T11:16:13.909550Z[0m [32m INFO[0m [1mActor[0m[1m{[0m[3mid[0m[2m=[0m"0.8"
 [3mname[0m[2m=[0m"ClientIpcHandler"[1m}[0m[2m:[0m [2mikm_controller::actors::ipc_handler[0m[2m:[0m Modbus IPC_Handler: получено IPC сообщение: peer=019c7074-383d-7c62-9cad-07967248e4fd, protocol=WS
[2m2026-02-18T11:16:13.909601Z[0m [32m INFO[0m [1mActor[0m[1m{[0m[3mid[0m[2m=[0m"0.8"
 [3mname[0m[2m=[0m"ClientIpcHandler"[1m}[0m[2m:[0m [2mikm_controller::actors::ipc_handler[0m[2m:[0m Modbus IPC_Handler: raw msg =
{
  "type": "Action",
  "action": {
    "name": "tank_list",
    "type": "GetData",
    "args": {
      "ids": [],
      "fields": "All"
    },
    "target": {
      "type": "Data",
      "data_ns": "Tank"
    }
  },
  "id": 3902946928,
  "guaranteed": null,
  "send_at": null,
  "from_user": "admin",
  "from_module": null,
  "with_roles": [
    "operator",
    "engineer",
    "admin"
  ],
  "in_group": null,
  "in_process": null,
  "in_device": null,
  "for_module": null,
  "for_user": null
}
[2m2026-02-18T11:16:13.909613Z[0m [32m INFO[0m [1mActor[0m[1m{[0m[3mid[0m[2m=[0m"0.8"
 [3mname[0m[2m=[0m"ClientIpcHandler"[1m}[0m[2m:[0m [2mikm_controller::actors::ipc_handler[0m[2m:[0m Modbus IPC_Handler: action.name=Some("tank_list"), kind=GetData, target.module_name=None, data_ns=Some("Tank")
[2m2026-02-18T11:16:13.909717Z[0m [32m INFO[0m [1mActor[0m[1m{[0m[3mid[0m[2m=[0m"0.8"
 [3mname[0m[2m=[0m"ClientIpcHandler"[1m}[0m[2m:[0m [2mikm_controller::actors::ipc_handler[0m[2m:[0m tank_list: отправляем ответ в ipc_router
[2m2026-02-18T11:16:16.902203Z[0m [32m INFO[0m [2mtaxon_core::actors::ipc::http_actor[0m[2m:[0m recv msg from ws
[2m2026-02-18T11:16:16.902274Z[0m [32m INFO[0m [2mtaxon_core::actors::ipc::http_actor[0m[2m:[0m send ws message to handler
[2m2026-02-18T11:16:16.902333Z[0m [32m INFO[0m [1mActor[0m[1m{[0m[3mid[0m[2m=[0m"0.8"
 [3mname[0m[2m=[0m"ClientIpcHandler"[1m}[0m[2m:[0m [2mikm_controller::actors::ipc_handler[0m[2m:[0m Modbus IPC_Handler: получено IPC сообщение: peer=019c7074-383d-7c62-9cad-07967248e4fd, protocol=WS
[2m2026-02-18T11:16:16.902373Z[0m [32m INFO[0m [1mActor[0m[1m{[0m[3mid[0m[2m=[0m"0.8"
 [3mname[0m[2m=[0m"ClientIpcHandler"[1m}[0m[2m:[0m [2mikm_controller::actors::ipc_handler[0m[2m:[0m Modbus IPC_Handler: raw msg =
{
  "type": "Action",
  "action": {
    "name": "tank_list",
    "type": "GetData",
    "args": {
      "ids": [],
      "fields": "All"
    },
    "target": {
      "type": "Data",
      "data_ns": "Tank"
    }
  },
  "id": 3197003844,
  "guaranteed": null,
  "send_at": null,
  "from_user": "admin",
  "from_module": null,
  "with_roles": [
    "operator",
    "engineer",
    "admin"
  ],
  "in_group": null,
  "in_process": null,
  "in_device": null,
  "for_module": null,
  "for_user": null
}
[2m2026-02-18T11:16:16.902390Z[0m [32m INFO[0m [1mActor[0m[1m{[0m[3mid[0m[2m=[0m"0.8"
 [3mname[0m[2m=[0m"ClientIpcHandler"[1m}[0m[2m:[0m [2mikm_controller::actors::ipc_handler[0m[2m:[0m Modbus IPC_Handler: action.name=Some("tank_list"), kind=GetData, target.module_name=None, data_ns=Some("Tank")
[2m2026-02-18T11:16:16.902474Z[0m [32m INFO[0m [1mActor[0m[1m{[0m[3mid[0m[2m=[0m"0.8"
 [3mname[0m[2m=[0m"ClientIpcHandler"[1m}[0m[2m:[0m [2mikm_controller::actors::ipc_handler[0m[2m:[0m tank_list: отправляем ответ в ipc_router
[2m2026-02-18T11:16:19.901384Z[0m [32m INFO[0m [2mtaxon_core::actors::ipc::http_actor[0m[2m:[0m recv msg from ws
[2m2026-02-18T11:16:19.901443Z[0m [32m INFO[0m [2mtaxon_core::actors::ipc::http_actor[0m[2m:[0m send ws message to handler
[2m2026-02-18T11:16:19.901501Z[0m [32m INFO[0m [1mActor[0m[1m{[0m[3mid[0m[2m=[0m"0.8"
 [3mname[0m[2m=[0m"ClientIpcHandler"[1m}[0m[2m:[0m [2mikm_controller::actors::ipc_handler[0m[2m:[0m Modbus IPC_Handler: получено IPC сообщение: peer=019c7074-383d-7c62-9cad-07967248e4fd, protocol=WS
[2m2026-02-18T11:16:19.901549Z[0m [32m INFO[0m [1mActor[0m[1m{[0m[3mid[0m[2m=[0m"0.8"
 [3mname[0m[2m=[0m"ClientIpcHandler"[1m}[0m[2m:[0m [2mikm_controller::actors::ipc_handler[0m[2m:[0m Modbus IPC_Handler: raw msg =
{
  "type": "Action",
  "action": {
    "name": "tank_list",
    "type": "GetData",
    "args": {
      "ids": [],
      "fields": "All"
    },
    "target": {
      "type": "Data",
      "data_ns": "Tank"
    }
  },
  "id": 3804154575,
  "guaranteed": null,
  "send_at": null,
  "from_user": "admin",
  "from_module": null,
  "with_roles": [
    "operator",
    "engineer",
    "admin"
  ],
  "in_group": null,
  "in_process": null,
  "in_device": null,
  "for_module": null,
  "for_user": null
}
[2m2026-02-18T11:16:19.901560Z[0m [32m INFO[0m [1mActor[0m[1m{[0m[3mid[0m[2m=[0m"0.8"
 [3mname[0m[2m=[0m"ClientIpcHandler"[1m}[0m[2m:[0m [2mikm_controller::actors::ipc_handler[0m[2m:[0m Modbus IPC_Handler: action.name=Some("tank_list"), kind=GetData, target.module_name=None, data_ns=Some("Tank")
[2m2026-02-18T11:16:19.901677Z[0m [32m INFO[0m [1mActor[0m[1m{[0m[3mid[0m[2m=[0m"0.8"
 [3mname[0m[2m=[0m"ClientIpcHandler"[1m}[0m[2m:[0m [2mikm_controller::actors::ipc_handler[0m[2m:[0m tank_list: отправляем ответ в ipc_router
[2m2026-02-18T11:16:22.918506Z[0m [32m INFO[0m [2mtaxon_core::actors::ipc::http_actor[0m[2m:[0m recv msg from ws
[2m2026-02-18T11:16:22.918576Z[0m [32m INFO[0m [2mtaxon_core::actors::ipc::http_actor[0m[2m:[0m send ws message to handler
[2m2026-02-18T11:16:22.918806Z[0m [32m INFO[0m [1mActor[0m[1m{[0m[3mid[0m[2m=[0m"0.8"
 [3mname[0m[2m=[0m"ClientIpcHandler"[1m}[0m[2m:[0m [2mikm_controller::actors::ipc_handler[0m[2m:[0m Modbus IPC_Handler: получено IPC сообщение: peer=019c7074-383d-7c62-9cad-07967248e4fd, protocol=WS
[2m2026-02-18T11:16:22.918859Z[0m [32m INFO[0m [1mActor[0m[1m{[0m[3mid[0m[2m=[0m"0.8"
 [3mname[0m[2m=[0m"ClientIpcHandler"[1m}[0m[2m:[0m [2mikm_controller::actors::ipc_handler[0m[2m:[0m Modbus IPC_Handler: raw msg =
{
  "type": "Action",
  "action": {
    "name": "tank_list",
    "type": "GetData",
    "args": {
      "ids": [],
      "fields": "All"
    },
    "target": {
      "type": "Data",
      "data_ns": "Tank"
    }
  },
  "id": 1567465632,
  "guaranteed": null,
  "send_at": null,
  "from_user": "admin",
  "from_module": null,
  "with_roles": [
    "operator",
    "engineer",
    "admin"
  ],
  "in_group": null,
  "in_process": null,
  "in_device": null,
  "for_module": null,
  "for_user": null
}
[2m2026-02-18T11:16:22.918878Z[0m [32m INFO[0m [1mActor[0m[1m{[0m[3mid[0m[2m=[0m"0.8"
 [3mname[0m[2m=[0m"ClientIpcHandler"[1m}[0m[2m:[0m [2mikm_controller::actors::ipc_handler[0m[2m:[0m Modbus IPC_Handler: action.name=Some("tank_list"), kind=GetData, target.module_name=None, data_ns=Some("Tank")
[2m2026-02-18T11:16:22.918987Z[0m [32m INFO[0m [1mActor[0m[1m{[0m[3mid[0m[2m=[0m"0.8"
 [3mname[0m[2m=[0m"ClientIpcHandler"[1m}[0m[2m:[0m [2mikm_controller::actors::ipc_handler[0m[2m:[0m tank_list: отправляем ответ в ipc_router
[2m2026-02-18T11:16:25.892693Z[0m [32m INFO[0m [2mtaxon_core::actors::ipc::http_actor[0m[2m:[0m recv msg from ws
[2m2026-02-18T11:16:25.892771Z[0m [32m INFO[0m [2mtaxon_core::actors::ipc::http_actor[0m[2m:[0m send ws message to handler
[2m2026-02-18T11:16:25.892971Z[0m [32m INFO[0m [1mActor[0m[1m{[0m[3mid[0m[2m=[0m"0.8"
 [3mname[0m[2m=[0m"ClientIpcHandler"[1m}[0m[2m:[0m [2mikm_controller::actors::ipc_handler[0m[2m:[0m Modbus IPC_Handler: получено IPC сообщение: peer=019c7074-383d-7c62-9cad-07967248e4fd, protocol=WS
[2m2026-02-18T11:16:25.893019Z[0m [32m INFO[0m [1mActor[0m[1m{[0m[3mid[0m[2m=[0m"0.8"
 [3mname[0m[2m=[0m"ClientIpcHandler"[1m}[0m[2m:[0m [2mikm_controller::actors::ipc_handler[0m[2m:[0m Modbus IPC_Handler: raw msg =
{
  "type": "Action",
  "action": {
    "name": "tank_list",
    "type": "GetData",
    "args": {
      "ids": [],
      "fields": "All"
    },
    "target": {
      "type": "Data",
      "data_ns": "Tank"
    }
  },
  "id": 1088970711,
  "guaranteed": null,
  "send_at": null,
  "from_user": "admin",
  "from_module": null,
  "with_roles": [
    "operator",
    "engineer",
    "admin"
  ],
  "in_group": null,
  "in_process": null,
  "in_device": null,
  "for_module": null,
  "for_user": null
}
[2m2026-02-18T11:16:25.893030Z[0m [32m INFO[0m [1mActor[0m[1m{[0m[3mid[0m[2m=[0m"0.8"
 [3mname[0m[2m=[0m"ClientIpcHandler"[1m}[0m[2m:[0m [2mikm_controller::actors::ipc_handler[0m[2m:[0m Modbus IPC_Handler: action.name=Some("tank_list"), kind=GetData, target.module_name=None, data_ns=Some("Tank")
[2m2026-02-18T11:16:25.893129Z[0m [32m INFO[0m [1mActor[0m[1m{[0m[3mid[0m[2m=[0m"0.8"
 [3mname[0m[2m=[0m"ClientIpcHandler"[1m}[0m[2m:[0m [2mikm_controller::actors::ipc_handler[0m[2m:[0m tank_list: отправляем ответ в ipc_router
[2m2026-02-18T11:16:28.900950Z[0m [32m INFO[0m [2mtaxon_core::actors::ipc::http_actor[0m[2m:[0m recv msg from ws
[2m2026-02-18T11:16:28.901021Z[0m [32m INFO[0m [2mtaxon_core::actors::ipc::http_actor[0m[2m:[0m send ws message to handler
[2m2026-02-18T11:16:28.901232Z[0m [32m INFO[0m [1mActor[0m[1m{[0m[3mid[0m[2m=[0m"0.8"
 [3mname[0m[2m=[0m"ClientIpcHandler"[1m}[0m[2m:[0m [2mikm_controller::actors::ipc_handler[0m[2m:[0m Modbus IPC_Handler: получено IPC сообщение: peer=019c7074-383d-7c62-9cad-07967248e4fd, protocol=WS
[2m2026-02-18T11:16:28.901275Z[0m [32m INFO[0m [1mActor[0m[1m{[0m[3mid[0m[2m=[0m"0.8"
 [3mname[0m[2m=[0m"ClientIpcHandler"[1m}[0m[2m:[0m [2mikm_controller::actors::ipc_handler[0m[2m:[0m Modbus IPC_Handler: raw msg =
{
  "type": "Action",
  "action": {
    "name": "tank_list",
    "type": "GetData",
    "args": {
      "ids": [],
      "fields": "All"
    },
    "target": {
      "type": "Data",
      "data_ns": "Tank"
    }
  },
  "id": 4044106282,
  "guaranteed": null,
  "send_at": null,
  "from_user": "admin",
  "from_module": null,
  "with_roles": [
    "operator",
    "engineer",
    "admin"
  ],
  "in_group": null,
  "in_process": null,
  "in_device": null,
  "for_module": null,
  "for_user": null
}
[2m2026-02-18T11:16:28.901283Z[0m [32m INFO[0m [1mActor[0m[1m{[0m[3mid[0m[2m=[0m"0.8"
 [3mname[0m[2m=[0m"ClientIpcHandler"[1m}[0m[2m:[0m [2mikm_controller::actors::ipc_handler[0m[2m:[0m Modbus IPC_Handler: action.name=Some("tank_list"), kind=GetData, target.module_name=None, data_ns=Some("Tank")
[2m2026-02-18T11:16:28.901386Z[0m [32m INFO[0m [1mActor[0m[1m{[0m[3mid[0m[2m=[0m"0.8"
 [3mname[0m[2m=[0m"ClientIpcHandler"[1m}[0m[2m:[0m [2mikm_controller::actors::ipc_handler[0m[2m:[0m tank_list: отправляем ответ в ipc_router
[2m2026-02-18T11:16:31.912284Z[0m [32m INFO[0m [2mtaxon_core::actors::ipc::http_actor[0m[2m:[0m recv msg from ws
[2m2026-02-18T11:16:31.912354Z[0m [32m INFO[0m [2mtaxon_core::actors::ipc::http_actor[0m[2m:[0m send ws message to handler
[2m2026-02-18T11:16:31.912567Z[0m [32m INFO[0m [1mActor[0m[1m{[0m[3mid[0m[2m=[0m"0.8"
 [3mname[0m[2m=[0m"ClientIpcHandler"[1m}[0m[2m:[0m [2mikm_controller::actors::ipc_handler[0m[2m:[0m Modbus IPC_Handler: получено IPC сообщение: peer=019c7074-383d-7c62-9cad-07967248e4fd, protocol=WS
[2m2026-02-18T11:16:31.912606Z[0m [32m INFO[0m [1mActor[0m[1m{[0m[3mid[0m[2m=[0m"0.8"
 [3mname[0m[2m=[0m"ClientIpcHandler"[1m}[0m[2m:[0m [2mikm_controller::actors::ipc_handler[0m[2m:[0m Modbus IPC_Handler: raw msg =
{
  "type": "Action",
  "action": {
    "name": "tank_list",
    "type": "GetData",
    "args": {
      "ids": [],
      "fields": "All"
    },
    "target": {
      "type": "Data",
      "data_ns": "Tank"
    }
  },
  "id": 1120968362,
  "guaranteed": null,
  "send_at": null,
  "from_user": "admin",
  "from_module": null,
  "with_roles": [
    "operator",
    "engineer",
    "admin"
  ],
  "in_group": null,
  "in_process": null,
  "in_device": null,
  "for_module": null,
  "for_user": null
}
[2m2026-02-18T11:16:31.912613Z[0m [32m INFO[0m [1mActor[0m[1m{[0m[3mid[0m[2m=[0m"0.8"
 [3mname[0m[2m=[0m"ClientIpcHandler"[1m}[0m[2m:[0m [2mikm_controller::actors::ipc_handler[0m[2m:[0m Modbus IPC_Handler: action.name=Some("tank_list"), kind=GetData, target.module_name=None, data_ns=Some("Tank")
[2m2026-02-18T11:16:31.912710Z[0m [32m INFO[0m [1mActor[0m[1m{[0m[3mid[0m[2m=[0m"0.8"
 [3mname[0m[2m=[0m"ClientIpcHandler"[1m}[0m[2m:[0m [2mikm_controller::actors::ipc_handler[0m[2m:[0m tank_list: отправляем ответ в ipc_router
[2m2026-02-18T11:16:34.898390Z[0m [32m INFO[0m [2mtaxon_core::actors::ipc::http_actor[0m[2m:[0m recv msg from ws
[2m2026-02-18T11:16:34.898464Z[0m [32m INFO[0m [2mtaxon_core::actors::ipc::http_actor[0m[2m:[0m send ws message to handler
[2m2026-02-18T11:16:34.898524Z[0m [32m INFO[0m [1mActor[0m[1m{[0m[3mid[0m[2m=[0m"0.8"
 [3mname[0m[2m=[0m"ClientIpcHandler"[1m}[0m[2m:[0m [2mikm_controller::actors::ipc_handler[0m[2m:[0m Modbus IPC_Handler: получено IPC сообщение: peer=019c7074-383d-7c62-9cad-07967248e4fd, protocol=WS
[2m2026-02-18T11:16:34.898566Z[0m [32m INFO[0m [1mActor[0m[1m{[0m[3mid[0m[2m=[0m"0.8"
 [3mname[0m[2m=[0m"ClientIpcHandler"[1m}[0m[2m:[0m [2mikm_controller::actors::ipc_handler[0m[2m:[0m Modbus IPC_Handler: raw msg =
{
  "type": "Action",
  "action": {
    "name": "tank_list",
    "type": "GetData",
    "args": {
      "ids": [],
      "fields": "All"
    },
    "target": {
      "type": "Data",
      "data_ns": "Tank"
    }
  },
  "id": 1634816666,
  "guaranteed": null,
  "send_at": null,
  "from_user": "admin",
  "from_module": null,
  "with_roles": [
    "operator",
    "engineer",
    "admin"
  ],
  "in_group": null,
  "in_process": null,
  "in_device": null,
  "for_module": null,
  "for_user": null
}
[2m2026-02-18T11:16:34.898574Z[0m [32m INFO[0m [1mActor[0m[1m{[0m[3mid[0m[2m=[0m"0.8"
 [3mname[0m[2m=[0m"ClientIpcHandler"[1m}[0m[2m:[0m [2mikm_controller::actors::ipc_handler[0m[2m:[0m Modbus IPC_Handler: action.name=Some("tank_list"), kind=GetData, target.module_name=None, data_ns=Some("Tank")
[2m2026-02-18T11:16:34.898674Z[0m [32m INFO[0m [1mActor[0m[1m{[0m[3mid[0m[2m=[0m"0.8"
 [3mname[0m[2m=[0m"ClientIpcHandler"[1m}[0m[2m:[0m [2mikm_controller::actors::ipc_handler[0m[2m:[0m tank_list: отправляем ответ в ipc_router
[2m2026-02-18T11:16:37.892744Z[0m [32m INFO[0m [2mtaxon_core::actors::ipc::http_actor[0m[2m:[0m recv msg from ws
[2m2026-02-18T11:16:37.892817Z[0m [32m INFO[0m [2mtaxon_core::actors::ipc::http_actor[0m[2m:[0m send ws message to handler
[2m2026-02-18T11:16:37.893050Z[0m [32m INFO[0m [1mActor[0m[1m{[0m[3mid[0m[2m=[0m"0.8"
 [3mname[0m[2m=[0m"ClientIpcHandler"[1m}[0m[2m:[0m [2mikm_controller::actors::ipc_handler[0m[2m:[0m Modbus IPC_Handler: получено IPC сообщение: peer=019c7074-383d-7c62-9cad-07967248e4fd, protocol=WS
[2m2026-02-18T11:16:37.893090Z[0m [32m INFO[0m [1mActor[0m[1m{[0m[3mid[0m[2m=[0m"0.8"
 [3mname[0m[2m=[0m"ClientIpcHandler"[1m}[0m[2m:[0m [2mikm_controller::actors::ipc_handler[0m[2m:[0m Modbus IPC_Handler: raw msg =
{
  "type": "Action",
  "action": {
    "name": "tank_list",
    "type": "GetData",
    "args": {
      "ids": [],
      "fields": "All"
    },
    "target": {
      "type": "Data",
      "data_ns": "Tank"
    }
  },
  "id": 3999370474,
  "guaranteed": null,
  "send_at": null,
  "from_user": "admin",
  "from_module": null,
  "with_roles": [
    "operator",
    "engineer",
    "admin"
  ],
  "in_group": null,
  "in_process": null,
  "in_device": null,
  "for_module": null,
  "for_user": null
}
[2m2026-02-18T11:16:37.893097Z[0m [32m INFO[0m [1mActor[0m[1m{[0m[3mid[0m[2m=[0m"0.8"
 [3mname[0m[2m=[0m"ClientIpcHandler"[1m}[0m[2m:[0m [2mikm_controller::actors::ipc_handler[0m[2m:[0m Modbus IPC_Handler: action.name=Some("tank_list"), kind=GetData, target.module_name=None, data_ns=Some("Tank")
[2m2026-02-18T11:16:37.893183Z[0m [32m INFO[0m [1mActor[0m[1m{[0m[3mid[0m[2m=[0m"0.8"
 [3mname[0m[2m=[0m"ClientIpcHandler"[1m}[0m[2m:[0m [2mikm_controller::actors::ipc_handler[0m[2m:[0m tank_list: отправляем ответ в ipc_router
[2m2026-02-18T11:16:40.902987Z[0m [32m INFO[0m [2mtaxon_core::actors::ipc::http_actor[0m[2m:[0m recv msg from ws
[2m2026-02-18T11:16:40.903047Z[0m [32m INFO[0m [2mtaxon_core::actors::ipc::http_actor[0m[2m:[0m send ws message to handler
[2m2026-02-18T11:16:40.903097Z[0m [32m INFO[0m [1mActor[0m[1m{[0m[3mid[0m[2m=[0m"0.8"
 [3mname[0m[2m=[0m"ClientIpcHandler"[1m}[0m[2m:[0m [2mikm_controller::actors::ipc_handler[0m[2m:[0m Modbus IPC_Handler: получено IPC сообщение: peer=019c7074-383d-7c62-9cad-07967248e4fd, protocol=WS
[2m2026-02-18T11:16:40.903135Z[0m [32m INFO[0m [1mActor[0m[1m{[0m[3mid[0m[2m=[0m"0.8"
 [3mname[0m[2m=[0m"ClientIpcHandler"[1m}[0m[2m:[0m [2mikm_controller::actors::ipc_handler[0m[2m:[0m Modbus IPC_Handler: raw msg =
{
  "type": "Action",
  "action": {
    "name": "tank_list",
    "type": "GetData",
    "args": {
      "ids": [],
      "fields": "All"
    },
    "target": {
      "type": "Data",
      "data_ns": "Tank"
    }
  },
  "id": 578620893,
  "guaranteed": null,
  "send_at": null,
  "from_user": "admin",
  "from_module": null,
  "with_roles": [
    "operator",
    "engineer",
    "admin"
  ],
  "in_group": null,
  "in_process": null,
  "in_device": null,
  "for_module": null,
  "for_user": null
}
[2m2026-02-18T11:16:40.903142Z[0m [32m INFO[0m [1mActor[0m[1m{[0m[3mid[0m[2m=[0m"0.8"
 [3mname[0m[2m=[0m"ClientIpcHandler"[1m}[0m[2m:[0m [2mikm_controller::actors::ipc_handler[0m[2m:[0m Modbus IPC_Handler: action.name=Some("tank_list"), kind=GetData, target.module_name=None, data_ns=Some("Tank")
[2m2026-02-18T11:16:40.903228Z[0m [32m INFO[0m [1mActor[0m[1m{[0m[3mid[0m[2m=[0m"0.8"
 [3mname[0m[2m=[0m"ClientIpcHandler"[1m}[0m[2m:[0m [2mikm_controller::actors::ipc_handler[0m[2m:[0m tank_list: отправляем ответ в ipc_router
[2m2026-02-18T11:16:43.894652Z[0m [32m INFO[0m [2mtaxon_core::actors::ipc::http_actor[0m[2m:[0m recv msg from ws
[2m2026-02-18T11:16:43.894725Z[0m [32m INFO[0m [2mtaxon_core::actors::ipc::http_actor[0m[2m:[0m send ws message to handler
[2m2026-02-18T11:16:43.894803Z[0m [32m INFO[0m [1mActor[0m[1m{[0m[3mid[0m[2m=[0m"0.8"
 [3mname[0m[2m=[0m"ClientIpcHandler"[1m}[0m[2m:[0m [2mikm_controller::actors::ipc_handler[0m[2m:[0m Modbus IPC_Handler: получено IPC сообщение: peer=019c7074-383d-7c62-9cad-07967248e4fd, protocol=WS
[2m2026-02-18T11:16:43.894842Z[0m [32m INFO[0m [1mActor[0m[1m{[0m[3mid[0m[2m=[0m"0.8"
 [3mname[0m[2m=[0m"ClientIpcHandler"[1m}[0m[2m:[0m [2mikm_controller::actors::ipc_handler[0m[2m:[0m Modbus IPC_Handler: raw msg =
{
  "type": "Action",
  "action": {
    "name": "tank_list",
    "type": "GetData",
    "args": {
      "ids": [],
      "fields": "All"
    },
    "target": {
      "type": "Data",
      "data_ns": "Tank"
    }
  },
  "id": 2830538748,
  "guaranteed": null,
  "send_at": null,
  "from_user": "admin",
  "from_module": null,
  "with_roles": [
    "operator",
    "engineer",
    "admin"
  ],
  "in_group": null,
  "in_process": null,
  "in_device": null,
  "for_module": null,
  "for_user": null
}
[2m2026-02-18T11:16:43.894849Z[0m [32m INFO[0m [1mActor[0m[1m{[0m[3mid[0m[2m=[0m"0.8"
 [3mname[0m[2m=[0m"ClientIpcHandler"[1m}[0m[2m:[0m [2mikm_controller::actors::ipc_handler[0m[2m:[0m Modbus IPC_Handler: action.name=Some("tank_list"), kind=GetData, target.module_name=None, data_ns=Some("Tank")
[2m2026-02-18T11:16:43.894951Z[0m [32m INFO[0m [1mActor[0m[1m{[0m[3mid[0m[2m=[0m"0.8"
 [3mname[0m[2m=[0m"ClientIpcHandler"[1m}[0m[2m:[0m [2mikm_controller::actors::ipc_handler[0m[2m:[0m tank_list: отправляем ответ в ipc_router
[2m2026-02-18T11:16:46.896666Z[0m [32m INFO[0m [2mtaxon_core::actors::ipc::http_actor[0m[2m:[0m recv msg from ws
[2m2026-02-18T11:16:46.896742Z[0m [32m INFO[0m [2mtaxon_core::actors::ipc::http_actor[0m[2m:[0m send ws message to handler
[2m2026-02-18T11:16:46.896804Z[0m [32m INFO[0m [1mActor[0m[1m{[0m[3mid[0m[2m=[0m"0.8"
 [3mname[0m[2m=[0m"ClientIpcHandler"[1m}[0m[2m:[0m [2mikm_controller::actors::ipc_handler[0m[2m:[0m Modbus IPC_Handler: получено IPC сообщение: peer=019c7074-383d-7c62-9cad-07967248e4fd, protocol=WS
[2m2026-02-18T11:16:46.896845Z[0m [32m INFO[0m [1mActor[0m[1m{[0m[3mid[0m[2m=[0m"0.8"
 [3mname[0m[2m=[0m"ClientIpcHandler"[1m}[0m[2m:[0m [2mikm_controller::actors::ipc_handler[0m[2m:[0m Modbus IPC_Handler: raw msg =
{
  "type": "Action",
  "action": {
    "name": "tank_list",
    "type": "GetData",
    "args": {
      "ids": [],
      "fields": "All"
    },
    "target": {
      "type": "Data",
      "data_ns": "Tank"
    }
  },
  "id": 2725763512,
  "guaranteed": null,
  "send_at": null,
  "from_user": "admin",
  "from_module": null,
  "with_roles": [
    "operator",
    "engineer",
    "admin"
  ],
  "in_group": null,
  "in_process": null,
  "in_device": null,
  "for_module": null,
  "for_user": null
}
[2m2026-02-18T11:16:46.896853Z[0m [32m INFO[0m [1mActor[0m[1m{[0m[3mid[0m[2m=[0m"0.8"
 [3mname[0m[2m=[0m"ClientIpcHandler"[1m}[0m[2m:[0m [2mikm_controller::actors::ipc_handler[0m[2m:[0m Modbus IPC_Handler: action.name=Some("tank_list"), kind=GetData, target.module_name=None, data_ns=Some("Tank")
[2m2026-02-18T11:16:46.896939Z[0m [32m INFO[0m [1mActor[0m[1m{[0m[3mid[0m[2m=[0m"0.8"
 [3mname[0m[2m=[0m"ClientIpcHandler"[1m}[0m[2m:[0m [2mikm_controller::actors::ipc_handler[0m[2m:[0m tank_list: отправляем ответ в ipc_router
[2m2026-02-18T11:16:49.910917Z[0m [32m INFO[0m [2mtaxon_core::actors::ipc::http_actor[0m[2m:[0m recv msg from ws
[2m2026-02-18T11:16:49.910977Z[0m [32m INFO[0m [2mtaxon_core::actors::ipc::http_actor[0m[2m:[0m send ws message to handler
[2m2026-02-18T11:16:49.911037Z[0m [32m INFO[0m [1mActor[0m[1m{[0m[3mid[0m[2m=[0m"0.8"
 [3mname[0m[2m=[0m"ClientIpcHandler"[1m}[0m[2m:[0m [2mikm_controller::actors::ipc_handler[0m[2m:[0m Modbus IPC_Handler: получено IPC сообщение: peer=019c7074-383d-7c62-9cad-07967248e4fd, protocol=WS
[2m2026-02-18T11:16:49.911102Z[0m [32m INFO[0m [1mActor[0m[1m{[0m[3mid[0m[2m=[0m"0.8"
 [3mname[0m[2m=[0m"ClientIpcHandler"[1m}[0m[2m:[0m [2mikm_controller::actors::ipc_handler[0m[2m:[0m Modbus IPC_Handler: raw msg =
{
  "type": "Action",
  "action": {
    "name": "tank_list",
    "type": "GetData",
    "args": {
      "ids": [],
      "fields": "All"
    },
    "target": {
      "type": "Data",
      "data_ns": "Tank"
    }
  },
  "id": 3533162040,
  "guaranteed": null,
  "send_at": null,
  "from_user": "admin",
  "from_module": null,
  "with_roles": [
    "operator",
    "engineer",
    "admin"
  ],
  "in_group": null,
  "in_process": null,
  "in_device": null,
  "for_module": null,
  "for_user": null
}
[2m2026-02-18T11:16:49.911113Z[0m [32m INFO[0m [1mActor[0m[1m{[0m[3mid[0m[2m=[0m"0.8"
 [3mname[0m[2m=[0m"ClientIpcHandler"[1m}[0m[2m:[0m [2mikm_controller::actors::ipc_handler[0m[2m:[0m Modbus IPC_Handler: action.name=Some("tank_list"), kind=GetData, target.module_name=None, data_ns=Some("Tank")
[2m2026-02-18T11:16:49.911222Z[0m [32m INFO[0m [1mActor[0m[1m{[0m[3mid[0m[2m=[0m"0.8"
 [3mname[0m[2m=[0m"ClientIpcHandler"[1m}[0m[2m:[0m [2mikm_controller::actors::ipc_handler[0m[2m:[0m tank_list: отправляем ответ в ipc_router
[2m2026-02-18T11:16:52.902914Z[0m [32m INFO[0m [2mtaxon_core::actors::ipc::http_actor[0m[2m:[0m recv msg from ws
[2m2026-02-18T11:16:52.902976Z[0m [32m INFO[0m [2mtaxon_core::actors::ipc::http_actor[0m[2m:[0m send ws message to handler
[2m2026-02-18T11:16:52.903061Z[0m [32m INFO[0m [1mActor[0m[1m{[0m[3mid[0m[2m=[0m"0.8"
 [3mname[0m[2m=[0m"ClientIpcHandler"[1m}[0m[2m:[0m [2mikm_controller::actors::ipc_handler[0m[2m:[0m Modbus IPC_Handler: получено IPC сообщение: peer=019c7074-383d-7c62-9cad-07967248e4fd, protocol=WS
[2m2026-02-18T11:16:52.903102Z[0m [32m INFO[0m [1mActor[0m[1m{[0m[3mid[0m[2m=[0m"0.8"
 [3mname[0m[2m=[0m"ClientIpcHandler"[1m}[0m[2m:[0m [2mikm_controller::actors::ipc_handler[0m[2m:[0m Modbus IPC_Handler: raw msg =
{
  "type": "Action",
  "action": {
    "name": "tank_list",
    "type": "GetData",
    "args": {
      "ids": [],
      "fields": "All"
    },
    "target": {
      "type": "Data",
      "data_ns": "Tank"
    }
  },
  "id": 1807450097,
  "guaranteed": null,
  "send_at": null,
  "from_user": "admin",
  "from_module": null,
  "with_roles": [
    "operator",
    "engineer",
    "admin"
  ],
  "in_group": null,
  "in_process": null,
  "in_device": null,
  "for_module": null,
  "for_user": null
}
[2m2026-02-18T11:16:52.903110Z[0m [32m INFO[0m [1mActor[0m[1m{[0m[3mid[0m[2m=[0m"0.8"
 [3mname[0m[2m=[0m"ClientIpcHandler"[1m}[0m[2m:[0m [2mikm_controller::actors::ipc_handler[0m[2m:[0m Modbus IPC_Handler: action.name=Some("tank_list"), kind=GetData, target.module_name=None, data_ns=Some("Tank")
[2m2026-02-18T11:16:52.903198Z[0m [32m INFO[0m [1mActor[0m[1m{[0m[3mid[0m[2m=[0m"0.8"
 [3mname[0m[2m=[0m"ClientIpcHandler"[1m}[0m[2m:[0m [2mikm_controller::actors::ipc_handler[0m[2m:[0m tank_list: отправляем ответ в ipc_router
[2m2026-02-18T11:16:55.910875Z[0m [32m INFO[0m [2mtaxon_core::actors::ipc::http_actor[0m[2m:[0m recv msg from ws
[2m2026-02-18T11:16:55.910946Z[0m [32m INFO[0m [2mtaxon_core::actors::ipc::http_actor[0m[2m:[0m send ws message to handler
[2m2026-02-18T11:16:55.911352Z[0m [32m INFO[0m [1mActor[0m[1m{[0m[3mid[0m[2m=[0m"0.8"
 [3mname[0m[2m=[0m"ClientIpcHandler"[1m}[0m[2m:[0m [2mikm_controller::actors::ipc_handler[0m[2m:[0m Modbus IPC_Handler: получено IPC сообщение: peer=019c7074-383d-7c62-9cad-07967248e4fd, protocol=WS
[2m2026-02-18T11:16:55.911393Z[0m [32m INFO[0m [1mActor[0m[1m{[0m[3mid[0m[2m=[0m"0.8"
 [3mname[0m[2m=[0m"ClientIpcHandler"[1m}[0m[2m:[0m [2mikm_controller::actors::ipc_handler[0m[2m:[0m Modbus IPC_Handler: raw msg =
{
  "type": "Action",
  "action": {
    "name": "tank_list",
    "type": "GetData",
    "args": {
      "ids": [],
      "fields": "All"
    },
    "target": {
      "type": "Data",
      "data_ns": "Tank"
    }
  },
  "id": 907191247,
  "guaranteed": null,
  "send_at": null,
  "from_user": "admin",
  "from_module": null,
  "with_roles": [
    "operator",
    "engineer",
    "admin"
  ],
  "in_group": null,
  "in_process": null,
  "in_device": null,
  "for_module": null,
  "for_user": null
}
[2m2026-02-18T11:16:55.911410Z[0m [32m INFO[0m [1mActor[0m[1m{[0m[3mid[0m[2m=[0m"0.8"
 [3mname[0m[2m=[0m"ClientIpcHandler"[1m}[0m[2m:[0m [2mikm_controller::actors::ipc_handler[0m[2m:[0m Modbus IPC_Handler: action.name=Some("tank_list"), kind=GetData, target.module_name=None, data_ns=Some("Tank")
[2m2026-02-18T11:16:55.911500Z[0m [32m INFO[0m [1mActor[0m[1m{[0m[3mid[0m[2m=[0m"0.8"
 [3mname[0m[2m=[0m"ClientIpcHandler"[1m}[0m[2m:[0m [2mikm_controller::actors::ipc_handler[0m[2m:[0m tank_list: отправляем ответ в ipc_router
[2m2026-02-18T11:16:58.896582Z[0m [32m INFO[0m [2mtaxon_core::actors::ipc::http_actor[0m[2m:[0m recv msg from ws
[2m2026-02-18T11:16:58.896654Z[0m [32m INFO[0m [2mtaxon_core::actors::ipc::http_actor[0m[2m:[0m send ws message to handler
[2m2026-02-18T11:16:58.896870Z[0m [32m INFO[0m [1mActor[0m[1m{[0m[3mid[0m[2m=[0m"0.8"
 [3mname[0m[2m=[0m"ClientIpcHandler"[1m}[0m[2m:[0m [2mikm_controller::actors::ipc_handler[0m[2m:[0m Modbus IPC_Handler: получено IPC сообщение: peer=019c7074-383d-7c62-9cad-07967248e4fd, protocol=WS
[2m2026-02-18T11:16:58.896922Z[0m [32m INFO[0m [1mActor[0m[1m{[0m[3mid[0m[2m=[0m"0.8"
 [3mname[0m[2m=[0m"ClientIpcHandler"[1m}[0m[2m:[0m [2mikm_controller::actors::ipc_handler[0m[2m:[0m Modbus IPC_Handler: raw msg =
{
  "type": "Action",
  "action": {
    "name": "tank_list",
    "type": "GetData",
    "args": {
      "ids": [],
      "fields": "All"
    },
    "target": {
      "type": "Data",
      "data_ns": "Tank"
    }
  },
  "id": 2160252721,
  "guaranteed": null,
  "send_at": null,
  "from_user": "admin",
  "from_module": null,
  "with_roles": [
    "operator",
    "engineer",
    "admin"
  ],
  "in_group": null,
  "in_process": null,
  "in_device": null,
  "for_module": null,
  "for_user": null
}
[2m2026-02-18T11:16:58.896931Z[0m [32m INFO[0m [1mActor[0m[1m{[0m[3mid[0m[2m=[0m"0.8"
 [3mname[0m[2m=[0m"ClientIpcHandler"[1m}[0m[2m:[0m [2mikm_controller::actors::ipc_handler[0m[2m:[0m Modbus IPC_Handler: action.name=Some("tank_list"), kind=GetData, target.module_name=None, data_ns=Some("Tank")
[2m2026-02-18T11:16:58.897022Z[0m [32m INFO[0m [1mActor[0m[1m{[0m[3mid[0m[2m=[0m"0.8"
 [3mname[0m[2m=[0m"ClientIpcHandler"[1m}[0m[2m:[0m [2mikm_controller::actors::ipc_handler[0m[2m:[0m tank_list: отправляем ответ в ipc_router
[2m2026-02-18T11:17:01.904388Z[0m [32m INFO[0m [2mtaxon_core::actors::ipc::http_actor[0m[2m:[0m recv msg from ws
[2m2026-02-18T11:17:01.904460Z[0m [32m INFO[0m [2mtaxon_core::actors::ipc::http_actor[0m[2m:[0m send ws message to handler
[2m2026-02-18T11:17:01.904791Z[0m [32m INFO[0m [1mActor[0m[1m{[0m[3mid[0m[2m=[0m"0.8"
 [3mname[0m[2m=[0m"ClientIpcHandler"[1m}[0m[2m:[0m [2mikm_controller::actors::ipc_handler[0m[2m:[0m Modbus IPC_Handler: получено IPC сообщение: peer=019c7074-383d-7c62-9cad-07967248e4fd, protocol=WS
[2m2026-02-18T11:17:01.904829Z[0m [32m INFO[0m [1mActor[0m[1m{[0m[3mid[0m[2m=[0m"0.8"
 [3mname[0m[2m=[0m"ClientIpcHandler"[1m}[0m[2m:[0m [2mikm_controller::actors::ipc_handler[0m[2m:[0m Modbus IPC_Handler: raw msg =
{
  "type": "Action",
  "action": {
    "name": "tank_list",
    "type": "GetData",
    "args": {
      "ids": [],
      "fields": "All"
    },
    "target": {
      "type": "Data",
      "data_ns": "Tank"
    }
  },
  "id": 121055440,
  "guaranteed": null,
  "send_at": null,
  "from_user": "admin",
  "from_module": null,
  "with_roles": [
    "operator",
    "engineer",
    "admin"
  ],
  "in_group": null,
  "in_process": null,
  "in_device": null,
  "for_module": null,
  "for_user": null
}
[2m2026-02-18T11:17:01.904846Z[0m [32m INFO[0m [1mActor[0m[1m{[0m[3mid[0m[2m=[0m"0.8"
 [3mname[0m[2m=[0m"ClientIpcHandler"[1m}[0m[2m:[0m [2mikm_controller::actors::ipc_handler[0m[2m:[0m Modbus IPC_Handler: action.name=Some("tank_list"), kind=GetData, target.module_name=None, data_ns=Some("Tank")
[2m2026-02-18T11:17:01.904931Z[0m [32m INFO[0m [1mActor[0m[1m{[0m[3mid[0m[2m=[0m"0.8"
 [3mname[0m[2m=[0m"ClientIpcHandler"[1m}[0m[2m:[0m [2mikm_controller::actors::ipc_handler[0m[2m:[0m tank_list: отправляем ответ в ipc_router
[2m2026-02-18T11:17:04.901641Z[0m [32m INFO[0m [2mtaxon_core::actors::ipc::http_actor[0m[2m:[0m recv msg from ws
[2m2026-02-18T11:17:04.901704Z[0m [32m INFO[0m [2mtaxon_core::actors::ipc::http_actor[0m[2m:[0m send ws message to handler
[2m2026-02-18T11:17:04.901759Z[0m [32m INFO[0m [1mActor[0m[1m{[0m[3mid[0m[2m=[0m"0.8"
 [3mname[0m[2m=[0m"ClientIpcHandler"[1m}[0m[2m:[0m [2mikm_controller::actors::ipc_handler[0m[2m:[0m Modbus IPC_Handler: получено IPC сообщение: peer=019c7074-383d-7c62-9cad-07967248e4fd, protocol=WS
[2m2026-02-18T11:17:04.901800Z[0m [32m INFO[0m [1mActor[0m[1m{[0m[3mid[0m[2m=[0m"0.8"
 [3mname[0m[2m=[0m"ClientIpcHandler"[1m}[0m[2m:[0m [2mikm_controller::actors::ipc_handler[0m[2m:[0m Modbus IPC_Handler: raw msg =
{
  "type": "Action",
  "action": {
    "name": "tank_list",
    "type": "GetData",
    "args": {
      "ids": [],
      "fields": "All"
    },
    "target": {
      "type": "Data",
      "data_ns": "Tank"
    }
  },
  "id": 2671306761,
  "guaranteed": null,
  "send_at": null,
  "from_user": "admin",
  "from_module": null,
  "with_roles": [
    "operator",
    "engineer",
    "admin"
  ],
  "in_group": null,
  "in_process": null,
  "in_device": null,
  "for_module": null,
  "for_user": null
}
[2m2026-02-18T11:17:04.901808Z[0m [32m INFO[0m [1mActor[0m[1m{[0m[3mid[0m[2m=[0m"0.8"
 [3mname[0m[2m=[0m"ClientIpcHandler"[1m}[0m[2m:[0m [2mikm_controller::actors::ipc_handler[0m[2m:[0m Modbus IPC_Handler: action.name=Some("tank_list"), kind=GetData, target.module_name=None, data_ns=Some("Tank")
[2m2026-02-18T11:17:04.901896Z[0m [32m INFO[0m [1mActor[0m[1m{[0m[3mid[0m[2m=[0m"0.8"
 [3mname[0m[2m=[0m"ClientIpcHandler"[1m}[0m[2m:[0m [2mikm_controller::actors::ipc_handler[0m[2m:[0m tank_list: отправляем ответ в ipc_router
[2m2026-02-18T11:17:07.893133Z[0m [32m INFO[0m [2mtaxon_core::actors::ipc::http_actor[0m[2m:[0m recv msg from ws
[2m2026-02-18T11:17:07.893205Z[0m [32m INFO[0m [2mtaxon_core::actors::ipc::http_actor[0m[2m:[0m send ws message to handler
[2m2026-02-18T11:17:07.893484Z[0m [32m INFO[0m [1mActor[0m[1m{[0m[3mid[0m[2m=[0m"0.8"
 [3mname[0m[2m=[0m"ClientIpcHandler"[1m}[0m[2m:[0m [2mikm_controller::actors::ipc_handler[0m[2m:[0m Modbus IPC_Handler: получено IPC сообщение: peer=019c7074-383d-7c62-9cad-07967248e4fd, protocol=WS
[2m2026-02-18T11:17:07.893526Z[0m [32m INFO[0m [1mActor[0m[1m{[0m[3mid[0m[2m=[0m"0.8"
 [3mname[0m[2m=[0m"ClientIpcHandler"[1m}[0m[2m:[0m [2mikm_controller::actors::ipc_handler[0m[2m:[0m Modbus IPC_Handler: raw msg =
{
  "type": "Action",
  "action": {
    "name": "tank_list",
    "type": "GetData",
    "args": {
      "ids": [],
      "fields": "All"
    },
    "target": {
      "type": "Data",
      "data_ns": "Tank"
    }
  },
  "id": 4108402634,
  "guaranteed": null,
  "send_at": null,
  "from_user": "admin",
  "from_module": null,
  "with_roles": [
    "operator",
    "engineer",
    "admin"
  ],
  "in_group": null,
  "in_process": null,
  "in_device": null,
  "for_module": null,
  "for_user": null
}
[2m2026-02-18T11:17:07.893540Z[0m [32m INFO[0m [1mActor[0m[1m{[0m[3mid[0m[2m=[0m"0.8"
 [3mname[0m[2m=[0m"ClientIpcHandler"[1m}[0m[2m:[0m [2mikm_controller::actors::ipc_handler[0m[2m:[0m Modbus IPC_Handler: action.name=Some("tank_list"), kind=GetData, target.module_name=None, data_ns=Some("Tank")
[2m2026-02-18T11:17:07.893623Z[0m [32m INFO[0m [1mActor[0m[1m{[0m[3mid[0m[2m=[0m"0.8"
 [3mname[0m[2m=[0m"ClientIpcHandler"[1m}[0m[2m:[0m [2mikm_controller::actors::ipc_handler[0m[2m:[0m tank_list: отправляем ответ в ipc_router
[2m2026-02-18T11:17:10.896896Z[0m [32m INFO[0m [2mtaxon_core::actors::ipc::http_actor[0m[2m:[0m recv msg from ws
[2m2026-02-18T11:17:10.896963Z[0m [32m INFO[0m [2mtaxon_core::actors::ipc::http_actor[0m[2m:[0m send ws message to handler
[2m2026-02-18T11:17:10.897222Z[0m [32m INFO[0m [1mActor[0m[1m{[0m[3mid[0m[2m=[0m"0.8"
 [3mname[0m[2m=[0m"ClientIpcHandler"[1m}[0m[2m:[0m [2mikm_controller::actors::ipc_handler[0m[2m:[0m Modbus IPC_Handler: получено IPC сообщение: peer=019c7074-383d-7c62-9cad-07967248e4fd, protocol=WS
[2m2026-02-18T11:17:10.897262Z[0m [32m INFO[0m [1mActor[0m[1m{[0m[3mid[0m[2m=[0m"0.8"
 [3mname[0m[2m=[0m"ClientIpcHandler"[1m}[0m[2m:[0m [2mikm_controller::actors::ipc_handler[0m[2m:[0m Modbus IPC_Handler: raw msg =
{
  "type": "Action",
  "action": {
    "name": "tank_list",
    "type": "GetData",
    "args": {
      "ids": [],
      "fields": "All"
    },
    "target": {
      "type": "Data",
      "data_ns": "Tank"
    }
  },
  "id": 498493608,
  "guaranteed": null,
  "send_at": null,
  "from_user": "admin",
  "from_module": null,
  "with_roles": [
    "operator",
    "engineer",
    "admin"
  ],
  "in_group": null,
  "in_process": null,
  "in_device": null,
  "for_module": null,
  "for_user": null
}
[2m2026-02-18T11:17:10.897269Z[0m [32m INFO[0m [1mActor[0m[1m{[0m[3mid[0m[2m=[0m"0.8"
 [3mname[0m[2m=[0m"ClientIpcHandler"[1m}[0m[2m:[0m [2mikm_controller::actors::ipc_handler[0m[2m:[0m Modbus IPC_Handler: action.name=Some("tank_list"), kind=GetData, target.module_name=None, data_ns=Some("Tank")
[2m2026-02-18T11:17:10.897357Z[0m [32m INFO[0m [1mActor[0m[1m{[0m[3mid[0m[2m=[0m"0.8"
 [3mname[0m[2m=[0m"ClientIpcHandler"[1m}[0m[2m:[0m [2mikm_controller::actors::ipc_handler[0m[2m:[0m tank_list: отправляем ответ в ipc_router
[2m2026-02-18T11:17:13.905002Z[0m [32m INFO[0m [2mtaxon_core::actors::ipc::http_actor[0m[2m:[0m recv msg from ws
[2m2026-02-18T11:17:13.905060Z[0m [32m INFO[0m [2mtaxon_core::actors::ipc::http_actor[0m[2m:[0m send ws message to handler
[2m2026-02-18T11:17:13.905114Z[0m [32m INFO[0m [1mActor[0m[1m{[0m[3mid[0m[2m=[0m"0.8"
 [3mname[0m[2m=[0m"ClientIpcHandler"[1m}[0m[2m:[0m [2mikm_controller::actors::ipc_handler[0m[2m:[0m Modbus IPC_Handler: получено IPC сообщение: peer=019c7074-383d-7c62-9cad-07967248e4fd, protocol=WS
[2m2026-02-18T11:17:13.905154Z[0m [32m INFO[0m [1mActor[0m[1m{[0m[3mid[0m[2m=[0m"0.8"
 [3mname[0m[2m=[0m"ClientIpcHandler"[1m}[0m[2m:[0m [2mikm_controller::actors::ipc_handler[0m[2m:[0m Modbus IPC_Handler: raw msg =
{
  "type": "Action",
  "action": {
    "name": "tank_list",
    "type": "GetData",
    "args": {
      "ids": [],
      "fields": "All"
    },
    "target": {
      "type": "Data",
      "data_ns": "Tank"
    }
  },
  "id": 982825272,
  "guaranteed": null,
  "send_at": null,
  "from_user": "admin",
  "from_module": null,
  "with_roles": [
    "operator",
    "engineer",
    "admin"
  ],
  "in_group": null,
  "in_process": null,
  "in_device": null,
  "for_module": null,
  "for_user": null
}
[2m2026-02-18T11:17:13.905162Z[0m [32m INFO[0m [1mActor[0m[1m{[0m[3mid[0m[2m=[0m"0.8"
 [3mname[0m[2m=[0m"ClientIpcHandler"[1m}[0m[2m:[0m [2mikm_controller::actors::ipc_handler[0m[2m:[0m Modbus IPC_Handler: action.name=Some("tank_list"), kind=GetData, target.module_name=None, data_ns=Some("Tank")
[2m2026-02-18T11:17:13.905274Z[0m [32m INFO[0m [1mActor[0m[1m{[0m[3mid[0m[2m=[0m"0.8"
 [3mname[0m[2m=[0m"ClientIpcHandler"[1m}[0m[2m:[0m [2mikm_controller::actors::ipc_handler[0m[2m:[0m tank_list: отправляем ответ в ipc_router
[2m2026-02-18T11:17:16.899001Z[0m [32m INFO[0m [2mtaxon_core::actors::ipc::http_actor[0m[2m:[0m recv msg from ws
[2m2026-02-18T11:17:16.899069Z[0m [32m INFO[0m [2mtaxon_core::actors::ipc::http_actor[0m[2m:[0m send ws message to handler
[2m2026-02-18T11:17:16.899363Z[0m [32m INFO[0m [1mActor[0m[1m{[0m[3mid[0m[2m=[0m"0.8"
 [3mname[0m[2m=[0m"ClientIpcHandler"[1m}[0m[2m:[0m [2mikm_controller::actors::ipc_handler[0m[2m:[0m Modbus IPC_Handler: получено IPC сообщение: peer=019c7074-383d-7c62-9cad-07967248e4fd, protocol=WS
[2m2026-02-18T11:17:16.899406Z[0m [32m INFO[0m [1mActor[0m[1m{[0m[3mid[0m[2m=[0m"0.8"
 [3mname[0m[2m=[0m"ClientIpcHandler"[1m}[0m[2m:[0m [2mikm_controller::actors::ipc_handler[0m[2m:[0m Modbus IPC_Handler: raw msg =
{
  "type": "Action",
  "action": {
    "name": "tank_list",
    "type": "GetData",
    "args": {
      "ids": [],
      "fields": "All"
    },
    "target": {
      "type": "Data",
      "data_ns": "Tank"
    }
  },
  "id": 938033280,
  "guaranteed": null,
  "send_at": null,
  "from_user": "admin",
  "from_module": null,
  "with_roles": [
    "operator",
    "engineer",
    "admin"
  ],
  "in_group": null,
  "in_process": null,
  "in_device": null,
  "for_module": null,
  "for_user": null
}
[2m2026-02-18T11:17:16.899415Z[0m [32m INFO[0m [1mActor[0m[1m{[0m[3mid[0m[2m=[0m"0.8"
 [3mname[0m[2m=[0m"ClientIpcHandler"[1m}[0m[2m:[0m [2mikm_controller::actors::ipc_handler[0m[2m:[0m Modbus IPC_Handler: action.name=Some("tank_list"), kind=GetData, target.module_name=None, data_ns=Some("Tank")
[2m2026-02-18T11:17:16.899510Z[0m [32m INFO[0m [1mActor[0m[1m{[0m[3mid[0m[2m=[0m"0.8"
 [3mname[0m[2m=[0m"ClientIpcHandler"[1m}[0m[2m:[0m [2mikm_controller::actors::ipc_handler[0m[2m:[0m tank_list: отправляем ответ в ipc_router
[2m2026-02-18T11:17:19.889760Z[0m [32m INFO[0m [2mtaxon_core::actors::ipc::http_actor[0m[2m:[0m recv msg from ws
[2m2026-02-18T11:17:19.889821Z[0m [32m INFO[0m [2mtaxon_core::actors::ipc::http_actor[0m[2m:[0m send ws message to handler
[2m2026-02-18T11:17:19.889903Z[0m [32m INFO[0m [1mActor[0m[1m{[0m[3mid[0m[2m=[0m"0.8"
 [3mname[0m[2m=[0m"ClientIpcHandler"[1m}[0m[2m:[0m [2mikm_controller::actors::ipc_handler[0m[2m:[0m Modbus IPC_Handler: получено IPC сообщение: peer=019c7074-383d-7c62-9cad-07967248e4fd, protocol=WS
[2m2026-02-18T11:17:19.889944Z[0m [32m INFO[0m [1mActor[0m[1m{[0m[3mid[0m[2m=[0m"0.8"
 [3mname[0m[2m=[0m"ClientIpcHandler"[1m}[0m[2m:[0m [2mikm_controller::actors::ipc_handler[0m[2m:[0m Modbus IPC_Handler: raw msg =
{
  "type": "Action",
  "action": {
    "name": "tank_list",
    "type": "GetData",
    "args": {
      "ids": [],
      "fields": "All"
    },
    "target": {
      "type": "Data",
      "data_ns": "Tank"
    }
  },
  "id": 2940747394,
  "guaranteed": null,
  "send_at": null,
  "from_user": "admin",
  "from_module": null,
  "with_roles": [
    "operator",
    "engineer",
    "admin"
  ],
  "in_group": null,
  "in_process": null,
  "in_device": null,
  "for_module": null,
  "for_user": null
}
[2m2026-02-18T11:17:19.889952Z[0m [32m INFO[0m [1mActor[0m[1m{[0m[3mid[0m[2m=[0m"0.8"
 [3mname[0m[2m=[0m"ClientIpcHandler"[1m}[0m[2m:[0m [2mikm_controller::actors::ipc_handler[0m[2m:[0m Modbus IPC_Handler: action.name=Some("tank_list"), kind=GetData, target.module_name=None, data_ns=Some("Tank")
[2m2026-02-18T11:17:19.890041Z[0m [32m INFO[0m [1mActor[0m[1m{[0m[3mid[0m[2m=[0m"0.8"
 [3mname[0m[2m=[0m"ClientIpcHandler"[1m}[0m[2m:[0m [2mikm_controller::actors::ipc_handler[0m[2m:[0m tank_list: отправляем ответ в ipc_router
[2m2026-02-18T11:17:22.900719Z[0m [32m INFO[0m [2mtaxon_core::actors::ipc::http_actor[0m[2m:[0m recv msg from ws
[2m2026-02-18T11:17:22.900796Z[0m [32m INFO[0m [2mtaxon_core::actors::ipc::http_actor[0m[2m:[0m send ws message to handler
[2m2026-02-18T11:17:22.901397Z[0m [32m INFO[0m [1mActor[0m[1m{[0m[3mid[0m[2m=[0m"0.8"
 [3mname[0m[2m=[0m"ClientIpcHandler"[1m}[0m[2m:[0m [2mikm_controller::actors::ipc_handler[0m[2m:[0m Modbus IPC_Handler: получено IPC сообщение: peer=019c7074-383d-7c62-9cad-07967248e4fd, protocol=WS
[2m2026-02-18T11:17:22.901448Z[0m [32m INFO[0m [1mActor[0m[1m{[0m[3mid[0m[2m=[0m"0.8"
 [3mname[0m[2m=[0m"ClientIpcHandler"[1m}[0m[2m:[0m [2mikm_controller::actors::ipc_handler[0m[2m:[0m Modbus IPC_Handler: raw msg =
{
  "type": "Action",
  "action": {
    "name": "tank_list",
    "type": "GetData",
    "args": {
      "ids": [],
      "fields": "All"
    },
    "target": {
      "type": "Data",
      "data_ns": "Tank"
    }
  },
  "id": 924074713,
  "guaranteed": null,
  "send_at": null,
  "from_user": "admin",
  "from_module": null,
  "with_roles": [
    "operator",
    "engineer",
    "admin"
  ],
  "in_group": null,
  "in_process": null,
  "in_device": null,
  "for_module": null,
  "for_user": null
}
[2m2026-02-18T11:17:22.901460Z[0m [32m INFO[0m [1mActor[0m[1m{[0m[3mid[0m[2m=[0m"0.8"
 [3mname[0m[2m=[0m"ClientIpcHandler"[1m}[0m[2m:[0m [2mikm_controller::actors::ipc_handler[0m[2m:[0m Modbus IPC_Handler: action.name=Some("tank_list"), kind=GetData, target.module_name=None, data_ns=Some("Tank")
[2m2026-02-18T11:17:22.901570Z[0m [32m INFO[0m [1mActor[0m[1m{[0m[3mid[0m[2m=[0m"0.8"
 [3mname[0m[2m=[0m"ClientIpcHandler"[1m}[0m[2m:[0m [2mikm_controller::actors::ipc_handler[0m[2m:[0m tank_list: отправляем ответ в ipc_router
[2m2026-02-18T11:17:25.900951Z[0m [32m INFO[0m [2mtaxon_core::actors::ipc::http_actor[0m[2m:[0m recv msg from ws
[2m2026-02-18T11:17:25.901015Z[0m [32m INFO[0m [2mtaxon_core::actors::ipc::http_actor[0m[2m:[0m send ws message to handler
[2m2026-02-18T11:17:25.901104Z[0m [32m INFO[0m [1mActor[0m[1m{[0m[3mid[0m[2m=[0m"0.8"
 [3mname[0m[2m=[0m"ClientIpcHandler"[1m}[0m[2m:[0m [2mikm_controller::actors::ipc_handler[0m[2m:[0m Modbus IPC_Handler: получено IPC сообщение: peer=019c7074-383d-7c62-9cad-07967248e4fd, protocol=WS
[2m2026-02-18T11:17:25.901143Z[0m [32m INFO[0m [1mActor[0m[1m{[0m[3mid[0m[2m=[0m"0.8"
 [3mname[0m[2m=[0m"ClientIpcHandler"[1m}[0m[2m:[0m [2mikm_controller::actors::ipc_handler[0m[2m:[0m Modbus IPC_Handler: raw msg =
{
  "type": "Action",
  "action": {
    "name": "tank_list",
    "type": "GetData",
    "args": {
      "ids": [],
      "fields": "All"
    },
    "target": {
      "type": "Data",
      "data_ns": "Tank"
    }
  },
  "id": 726883489,
  "guaranteed": null,
  "send_at": null,
  "from_user": "admin",
  "from_module": null,
  "with_roles": [
    "operator",
    "engineer",
    "admin"
  ],
  "in_group": null,
  "in_process": null,
  "in_device": null,
  "for_module": null,
  "for_user": null
}
[2m2026-02-18T11:17:25.901151Z[0m [32m INFO[0m [1mActor[0m[1m{[0m[3mid[0m[2m=[0m"0.8"
 [3mname[0m[2m=[0m"ClientIpcHandler"[1m}[0m[2m:[0m [2mikm_controller::actors::ipc_handler[0m[2m:[0m Modbus IPC_Handler: action.name=Some("tank_list"), kind=GetData, target.module_name=None, data_ns=Some("Tank")
[2m2026-02-18T11:17:25.901238Z[0m [32m INFO[0m [1mActor[0m[1m{[0m[3mid[0m[2m=[0m"0.8"
 [3mname[0m[2m=[0m"ClientIpcHandler"[1m}[0m[2m:[0m [2mikm_controller::actors::ipc_handler[0m[2m:[0m tank_list: отправляем ответ в ipc_router
[2m2026-02-18T11:17:28.892026Z[0m [32m INFO[0m [2mtaxon_core::actors::ipc::http_actor[0m[2m:[0m recv msg from ws
[2m2026-02-18T11:17:28.892098Z[0m [32m INFO[0m [2mtaxon_core::actors::ipc::http_actor[0m[2m:[0m send ws message to handler
[2m2026-02-18T11:17:28.892169Z[0m [32m INFO[0m [1mActor[0m[1m{[0m[3mid[0m[2m=[0m"0.8"
 [3mname[0m[2m=[0m"ClientIpcHandler"[1m}[0m[2m:[0m [2mikm_controller::actors::ipc_handler[0m[2m:[0m Modbus IPC_Handler: получено IPC сообщение: peer=019c7074-383d-7c62-9cad-07967248e4fd, protocol=WS
[2m2026-02-18T11:17:28.892208Z[0m [32m INFO[0m [1mActor[0m[1m{[0m[3mid[0m[2m=[0m"0.8"
 [3mname[0m[2m=[0m"ClientIpcHandler"[1m}[0m[2m:[0m [2mikm_controller::actors::ipc_handler[0m[2m:[0m Modbus IPC_Handler: raw msg =
{
  "type": "Action",
  "action": {
    "name": "tank_list",
    "type": "GetData",
    "args": {
      "ids": [],
      "fields": "All"
    },
    "target": {
      "type": "Data",
      "data_ns": "Tank"
    }
  },
  "id": 2781742181,
  "guaranteed": null,
  "send_at": null,
  "from_user": "admin",
  "from_module": null,
  "with_roles": [
    "operator",
    "engineer",
    "admin"
  ],
  "in_group": null,
  "in_process": null,
  "in_device": null,
  "for_module": null,
  "for_user": null
}
[2m2026-02-18T11:17:28.892215Z[0m [32m INFO[0m [1mActor[0m[1m{[0m[3mid[0m[2m=[0m"0.8"
 [3mname[0m[2m=[0m"ClientIpcHandler"[1m}[0m[2m:[0m [2mikm_controller::actors::ipc_handler[0m[2m:[0m Modbus IPC_Handler: action.name=Some("tank_list"), kind=GetData, target.module_name=None, data_ns=Some("Tank")
[2m2026-02-18T11:17:28.892331Z[0m [32m INFO[0m [1mActor[0m[1m{[0m[3mid[0m[2m=[0m"0.8"
 [3mname[0m[2m=[0m"ClientIpcHandler"[1m}[0m[2m:[0m [2mikm_controller::actors::ipc_handler[0m[2m:[0m tank_list: отправляем ответ в ipc_router
[2m2026-02-18T11:17:31.928338Z[0m [32m INFO[0m [2mtaxon_core::actors::ipc::http_actor[0m[2m:[0m recv msg from ws
[2m2026-02-18T11:17:31.928409Z[0m [32m INFO[0m [2mtaxon_core::actors::ipc::http_actor[0m[2m:[0m send ws message to handler
[2m2026-02-18T11:17:31.928886Z[0m [32m INFO[0m [1mActor[0m[1m{[0m[3mid[0m[2m=[0m"0.8"
 [3mname[0m[2m=[0m"ClientIpcHandler"[1m}[0m[2m:[0m [2mikm_controller::actors::ipc_handler[0m[2m:[0m Modbus IPC_Handler: получено IPC сообщение: peer=019c7074-383d-7c62-9cad-07967248e4fd, protocol=WS
[2m2026-02-18T11:17:31.928937Z[0m [32m INFO[0m [1mActor[0m[1m{[0m[3mid[0m[2m=[0m"0.8"
 [3mname[0m[2m=[0m"ClientIpcHandler"[1m}[0m[2m:[0m [2mikm_controller::actors::ipc_handler[0m[2m:[0m Modbus IPC_Handler: raw msg =
{
  "type": "Action",
  "action": {
    "name": "tank_list",
    "type": "GetData",
    "args": {
      "ids": [],
      "fields": "All"
    },
    "target": {
      "type": "Data",
      "data_ns": "Tank"
    }
  },
  "id": 2918578486,
  "guaranteed": null,
  "send_at": null,
  "from_user": "admin",
  "from_module": null,
  "with_roles": [
    "operator",
    "engineer",
    "admin"
  ],
  "in_group": null,
  "in_process": null,
  "in_device": null,
  "for_module": null,
  "for_user": null
}
[2m2026-02-18T11:17:31.928948Z[0m [32m INFO[0m [1mActor[0m[1m{[0m[3mid[0m[2m=[0m"0.8"
 [3mname[0m[2m=[0m"ClientIpcHandler"[1m}[0m[2m:[0m [2mikm_controller::actors::ipc_handler[0m[2m:[0m Modbus IPC_Handler: action.name=Some("tank_list"), kind=GetData, target.module_name=None, data_ns=Some("Tank")
[2m2026-02-18T11:17:31.929064Z[0m [32m INFO[0m [1mActor[0m[1m{[0m[3mid[0m[2m=[0m"0.8"
 [3mname[0m[2m=[0m"ClientIpcHandler"[1m}[0m[2m:[0m [2mikm_controller::actors::ipc_handler[0m[2m:[0m tank_list: отправляем ответ в ipc_router
[2m2026-02-18T11:17:34.900546Z[0m [32m INFO[0m [2mtaxon_core::actors::ipc::http_actor[0m[2m:[0m recv msg from ws
[2m2026-02-18T11:17:34.900623Z[0m [32m INFO[0m [2mtaxon_core::actors::ipc::http_actor[0m[2m:[0m send ws message to handler
[2m2026-02-18T11:17:34.900789Z[0m [32m INFO[0m [1mActor[0m[1m{[0m[3mid[0m[2m=[0m"0.8"
 [3mname[0m[2m=[0m"ClientIpcHandler"[1m}[0m[2m:[0m [2mikm_controller::actors::ipc_handler[0m[2m:[0m Modbus IPC_Handler: получено IPC сообщение: peer=019c7074-383d-7c62-9cad-07967248e4fd, protocol=WS
[2m2026-02-18T11:17:34.900857Z[0m [32m INFO[0m [1mActor[0m[1m{[0m[3mid[0m[2m=[0m"0.8"
 [3mname[0m[2m=[0m"ClientIpcHandler"[1m}[0m[2m:[0m [2mikm_controller::actors::ipc_handler[0m[2m:[0m Modbus IPC_Handler: raw msg =
{
  "type": "Action",
  "action": {
    "name": "tank_list",
    "type": "GetData",
    "args": {
      "ids": [],
      "fields": "All"
    },
    "target": {
      "type": "Data",
      "data_ns": "Tank"
    }
  },
  "id": 1679567956,
  "guaranteed": null,
  "send_at": null,
  "from_user": "admin",
  "from_module": null,
  "with_roles": [
    "operator",
    "engineer",
    "admin"
  ],
  "in_group": null,
  "in_process": null,
  "in_device": null,
  "for_module": null,
  "for_user": null
}
[2m2026-02-18T11:17:34.900869Z[0m [32m INFO[0m [1mActor[0m[1m{[0m[3mid[0m[2m=[0m"0.8"
 [3mname[0m[2m=[0m"ClientIpcHandler"[1m}[0m[2m:[0m [2mikm_controller::actors::ipc_handler[0m[2m:[0m Modbus IPC_Handler: action.name=Some("tank_list"), kind=GetData, target.module_name=None, data_ns=Some("Tank")
[2m2026-02-18T11:17:34.900973Z[0m [32m INFO[0m [1mActor[0m[1m{[0m[3mid[0m[2m=[0m"0.8"
 [3mname[0m[2m=[0m"ClientIpcHandler"[1m}[0m[2m:[0m [2mikm_controller::actors::ipc_handler[0m[2m:[0m tank_list: отправляем ответ в ipc_router
[2m2026-02-18T11:17:37.900905Z[0m [32m INFO[0m [2mtaxon_core::actors::ipc::http_actor[0m[2m:[0m recv msg from ws
[2m2026-02-18T11:17:37.900963Z[0m [32m INFO[0m [2mtaxon_core::actors::ipc::http_actor[0m[2m:[0m send ws message to handler
[2m2026-02-18T11:17:37.901083Z[0m [32m INFO[0m [1mActor[0m[1m{[0m[3mid[0m[2m=[0m"0.8"
 [3mname[0m[2m=[0m"ClientIpcHandler"[1m}[0m[2m:[0m [2mikm_controller::actors::ipc_handler[0m[2m:[0m Modbus IPC_Handler: получено IPC сообщение: peer=019c7074-383d-7c62-9cad-07967248e4fd, protocol=WS
[2m2026-02-18T11:17:37.901121Z[0m [32m INFO[0m [1mActor[0m[1m{[0m[3mid[0m[2m=[0m"0.8"
 [3mname[0m[2m=[0m"ClientIpcHandler"[1m}[0m[2m:[0m [2mikm_controller::actors::ipc_handler[0m[2m:[0m Modbus IPC_Handler: raw msg =
{
  "type": "Action",
  "action": {
    "name": "tank_list",
    "type": "GetData",
    "args": {
      "ids": [],
      "fields": "All"
    },
    "target": {
      "type": "Data",
      "data_ns": "Tank"
    }
  },
  "id": 1673494172,
  "guaranteed": null,
  "send_at": null,
  "from_user": "admin",
  "from_module": null,
  "with_roles": [
    "operator",
    "engineer",
    "admin"
  ],
  "in_group": null,
  "in_process": null,
  "in_device": null,
  "for_module": null,
  "for_user": null
}
[2m2026-02-18T11:17:37.901128Z[0m [32m INFO[0m [1mActor[0m[1m{[0m[3mid[0m[2m=[0m"0.8"
 [3mname[0m[2m=[0m"ClientIpcHandler"[1m}[0m[2m:[0m [2mikm_controller::actors::ipc_handler[0m[2m:[0m Modbus IPC_Handler: action.name=Some("tank_list"), kind=GetData, target.module_name=None, data_ns=Some("Tank")
[2m2026-02-18T11:17:37.901214Z[0m [32m INFO[0m [1mActor[0m[1m{[0m[3mid[0m[2m=[0m"0.8"
 [3mname[0m[2m=[0m"ClientIpcHandler"[1m}[0m[2m:[0m [2mikm_controller::actors::ipc_handler[0m[2m:[0m tank_list: отправляем ответ в ipc_router
[2m2026-02-18T11:17:40.918474Z[0m [32m INFO[0m [2mtaxon_core::actors::ipc::http_actor[0m[2m:[0m recv msg from ws
[2m2026-02-18T11:17:40.918543Z[0m [32m INFO[0m [2mtaxon_core::actors::ipc::http_actor[0m[2m:[0m send ws message to handler
[2m2026-02-18T11:17:40.918830Z[0m [32m INFO[0m [1mActor[0m[1m{[0m[3mid[0m[2m=[0m"0.8"
 [3mname[0m[2m=[0m"ClientIpcHandler"[1m}[0m[2m:[0m [2mikm_controller::actors::ipc_handler[0m[2m:[0m Modbus IPC_Handler: получено IPC сообщение: peer=019c7074-383d-7c62-9cad-07967248e4fd, protocol=WS
[2m2026-02-18T11:17:40.918867Z[0m [32m INFO[0m [1mActor[0m[1m{[0m[3mid[0m[2m=[0m"0.8"
 [3mname[0m[2m=[0m"ClientIpcHandler"[1m}[0m[2m:[0m [2mikm_controller::actors::ipc_handler[0m[2m:[0m Modbus IPC_Handler: raw msg =
{
  "type": "Action",
  "action": {
    "name": "tank_list",
    "type": "GetData",
    "args": {
      "ids": [],
      "fields": "All"
    },
    "target": {
      "type": "Data",
      "data_ns": "Tank"
    }
  },
  "id": 1254447529,
  "guaranteed": null,
  "send_at": null,
  "from_user": "admin",
  "from_module": null,
  "with_roles": [
    "operator",
    "engineer",
    "admin"
  ],
  "in_group": null,
  "in_process": null,
  "in_device": null,
  "for_module": null,
  "for_user": null
}
[2m2026-02-18T11:17:40.918883Z[0m [32m INFO[0m [1mActor[0m[1m{[0m[3mid[0m[2m=[0m"0.8"
 [3mname[0m[2m=[0m"ClientIpcHandler"[1m}[0m[2m:[0m [2mikm_controller::actors::ipc_handler[0m[2m:[0m Modbus IPC_Handler: action.name=Some("tank_list"), kind=GetData, target.module_name=None, data_ns=Some("Tank")
[2m2026-02-18T11:17:40.918969Z[0m [32m INFO[0m [1mActor[0m[1m{[0m[3mid[0m[2m=[0m"0.8"
 [3mname[0m[2m=[0m"ClientIpcHandler"[1m}[0m[2m:[0m [2mikm_controller::actors::ipc_handler[0m[2m:[0m tank_list: отправляем ответ в ipc_router
[2m2026-02-18T11:17:43.901131Z[0m [32m INFO[0m [2mtaxon_core::actors::ipc::http_actor[0m[2m:[0m recv msg from ws
[2m2026-02-18T11:17:43.901191Z[0m [32m INFO[0m [2mtaxon_core::actors::ipc::http_actor[0m[2m:[0m send ws message to handler
[2m2026-02-18T11:17:43.901247Z[0m [32m INFO[0m [1mActor[0m[1m{[0m[3mid[0m[2m=[0m"0.8"
 [3mname[0m[2m=[0m"ClientIpcHandler"[1m}[0m[2m:[0m [2mikm_controller::actors::ipc_handler[0m[2m:[0m Modbus IPC_Handler: получено IPC сообщение: peer=019c7074-383d-7c62-9cad-07967248e4fd, protocol=WS
[2m2026-02-18T11:17:43.901300Z[0m [32m INFO[0m [1mActor[0m[1m{[0m[3mid[0m[2m=[0m"0.8"
 [3mname[0m[2m=[0m"ClientIpcHandler"[1m}[0m[2m:[0m [2mikm_controller::actors::ipc_handler[0m[2m:[0m Modbus IPC_Handler: raw msg =
{
  "type": "Action",
  "action": {
    "name": "tank_list",
    "type": "GetData",
    "args": {
      "ids": [],
      "fields": "All"
    },
    "target": {
      "type": "Data",
      "data_ns": "Tank"
    }
  },
  "id": 1995919958,
  "guaranteed": null,
  "send_at": null,
  "from_user": "admin",
  "from_module": null,
  "with_roles": [
    "operator",
    "engineer",
    "admin"
  ],
  "in_group": null,
  "in_process": null,
  "in_device": null,
  "for_module": null,
  "for_user": null
}
[2m2026-02-18T11:17:43.901311Z[0m [32m INFO[0m [1mActor[0m[1m{[0m[3mid[0m[2m=[0m"0.8"
 [3mname[0m[2m=[0m"ClientIpcHandler"[1m}[0m[2m:[0m [2mikm_controller::actors::ipc_handler[0m[2m:[0m Modbus IPC_Handler: action.name=Some("tank_list"), kind=GetData, target.module_name=None, data_ns=Some("Tank")
[2m2026-02-18T11:17:43.901419Z[0m [32m INFO[0m [1mActor[0m[1m{[0m[3mid[0m[2m=[0m"0.8"
 [3mname[0m[2m=[0m"ClientIpcHandler"[1m}[0m[2m:[0m [2mikm_controller::actors::ipc_handler[0m[2m:[0m tank_list: отправляем ответ в ipc_router
[2m2026-02-18T11:17:46.894471Z[0m [32m INFO[0m [2mtaxon_core::actors::ipc::http_actor[0m[2m:[0m recv msg from ws
[2m2026-02-18T11:17:46.894531Z[0m [32m INFO[0m [2mtaxon_core::actors::ipc::http_actor[0m[2m:[0m send ws message to handler
[2m2026-02-18T11:17:46.894584Z[0m [32m INFO[0m [1mActor[0m[1m{[0m[3mid[0m[2m=[0m"0.8"
 [3mname[0m[2m=[0m"ClientIpcHandler"[1m}[0m[2m:[0m [2mikm_controller::actors::ipc_handler[0m[2m:[0m Modbus IPC_Handler: получено IPC сообщение: peer=019c7074-383d-7c62-9cad-07967248e4fd, protocol=WS
[2m2026-02-18T11:17:46.894622Z[0m [32m INFO[0m [1mActor[0m[1m{[0m[3mid[0m[2m=[0m"0.8"
 [3mname[0m[2m=[0m"ClientIpcHandler"[1m}[0m[2m:[0m [2mikm_controller::actors::ipc_handler[0m[2m:[0m Modbus IPC_Handler: raw msg =
{
  "type": "Action",
  "action": {
    "name": "tank_list",
    "type": "GetData",
    "args": {
      "ids": [],
      "fields": "All"
    },
    "target": {
      "type": "Data",
      "data_ns": "Tank"
    }
  },
  "id": 2525134372,
  "guaranteed": null,
  "send_at": null,
  "from_user": "admin",
  "from_module": null,
  "with_roles": [
    "operator",
    "engineer",
    "admin"
  ],
  "in_group": null,
  "in_process": null,
  "in_device": null,
  "for_module": null,
  "for_user": null
}
[2m2026-02-18T11:17:46.894641Z[0m [32m INFO[0m [1mActor[0m[1m{[0m[3mid[0m[2m=[0m"0.8"
 [3mname[0m[2m=[0m"ClientIpcHandler"[1m}[0m[2m:[0m [2mikm_controller::actors::ipc_handler[0m[2m:[0m Modbus IPC_Handler: action.name=Some("tank_list"), kind=GetData, target.module_name=None, data_ns=Some("Tank")
[2m2026-02-18T11:17:46.894756Z[0m [32m INFO[0m [1mActor[0m[1m{[0m[3mid[0m[2m=[0m"0.8"
 [3mname[0m[2m=[0m"ClientIpcHandler"[1m}[0m[2m:[0m [2mikm_controller::actors::ipc_handler[0m[2m:[0m tank_list: отправляем ответ в ipc_router
[2m2026-02-18T11:17:49.909048Z[0m [32m INFO[0m [2mtaxon_core::actors::ipc::http_actor[0m[2m:[0m recv msg from ws
[2m2026-02-18T11:17:49.909121Z[0m [32m INFO[0m [2mtaxon_core::actors::ipc::http_actor[0m[2m:[0m send ws message to handler
[2m2026-02-18T11:17:49.909531Z[0m [32m INFO[0m [1mActor[0m[1m{[0m[3mid[0m[2m=[0m"0.8"
 [3mname[0m[2m=[0m"ClientIpcHandler"[1m}[0m[2m:[0m [2mikm_controller::actors::ipc_handler[0m[2m:[0m Modbus IPC_Handler: получено IPC сообщение: peer=019c7074-383d-7c62-9cad-07967248e4fd, protocol=WS
[2m2026-02-18T11:17:49.909579Z[0m [32m INFO[0m [1mActor[0m[1m{[0m[3mid[0m[2m=[0m"0.8"
 [3mname[0m[2m=[0m"ClientIpcHandler"[1m}[0m[2m:[0m [2mikm_controller::actors::ipc_handler[0m[2m:[0m Modbus IPC_Handler: raw msg =
{
  "type": "Action",
  "action": {
    "name": "tank_list",
    "type": "GetData",
    "args": {
      "ids": [],
      "fields": "All"
    },
    "target": {
      "type": "Data",
      "data_ns": "Tank"
    }
  },
  "id": 4230341047,
  "guaranteed": null,
  "send_at": null,
  "from_user": "admin",
  "from_module": null,
  "with_roles": [
    "operator",
    "engineer",
    "admin"
  ],
  "in_group": null,
  "in_process": null,
  "in_device": null,
  "for_module": null,
  "for_user": null
}
[2m2026-02-18T11:17:49.909590Z[0m [32m INFO[0m [1mActor[0m[1m{[0m[3mid[0m[2m=[0m"0.8"
 [3mname[0m[2m=[0m"ClientIpcHandler"[1m}[0m[2m:[0m [2mikm_controller::actors::ipc_handler[0m[2m:[0m Modbus IPC_Handler: action.name=Some("tank_list"), kind=GetData, target.module_name=None, data_ns=Some("Tank")
[2m2026-02-18T11:17:49.909710Z[0m [32m INFO[0m [1mActor[0m[1m{[0m[3mid[0m[2m=[0m"0.8"
 [3mname[0m[2m=[0m"ClientIpcHandler"[1m}[0m[2m:[0m [2mikm_controller::actors::ipc_handler[0m[2m:[0m tank_list: отправляем ответ в ipc_router
[2m2026-02-18T11:17:52.886991Z[0m [32m INFO[0m [2mtaxon_core::actors::ipc::http_actor[0m[2m:[0m recv msg from ws
[2m2026-02-18T11:17:52.887053Z[0m [32m INFO[0m [2mtaxon_core::actors::ipc::http_actor[0m[2m:[0m send ws message to handler
[2m2026-02-18T11:17:52.887108Z[0m [32m INFO[0m [1mActor[0m[1m{[0m[3mid[0m[2m=[0m"0.8"
 [3mname[0m[2m=[0m"ClientIpcHandler"[1m}[0m[2m:[0m [2mikm_controller::actors::ipc_handler[0m[2m:[0m Modbus IPC_Handler: получено IPC сообщение: peer=019c7074-383d-7c62-9cad-07967248e4fd, protocol=WS
[2m2026-02-18T11:17:52.887161Z[0m [32m INFO[0m [1mActor[0m[1m{[0m[3mid[0m[2m=[0m"0.8"
 [3mname[0m[2m=[0m"ClientIpcHandler"[1m}[0m[2m:[0m [2mikm_controller::actors::ipc_handler[0m[2m:[0m Modbus IPC_Handler: raw msg =
{
  "type": "Action",
  "action": {
    "name": "tank_list",
    "type": "GetData",
    "args": {
      "ids": [],
      "fields": "All"
    },
    "target": {
      "type": "Data",
      "data_ns": "Tank"
    }
  },
  "id": 1494203819,
  "guaranteed": null,
  "send_at": null,
  "from_user": "admin",
  "from_module": null,
  "with_roles": [
    "operator",
    "engineer",
    "admin"
  ],
  "in_group": null,
  "in_process": null,
  "in_device": null,
  "for_module": null,
  "for_user": null
}
[2m2026-02-18T11:17:52.887182Z[0m [32m INFO[0m [1mActor[0m[1m{[0m[3mid[0m[2m=[0m"0.8"
 [3mname[0m[2m=[0m"ClientIpcHandler"[1m}[0m[2m:[0m [2mikm_controller::actors::ipc_handler[0m[2m:[0m Modbus IPC_Handler: action.name=Some("tank_list"), kind=GetData, target.module_name=None, data_ns=Some("Tank")
[2m2026-02-18T11:17:52.887280Z[0m [32m INFO[0m [1mActor[0m[1m{[0m[3mid[0m[2m=[0m"0.8"
 [3mname[0m[2m=[0m"ClientIpcHandler"[1m}[0m[2m:[0m [2mikm_controller::actors::ipc_handler[0m[2m:[0m tank_list: отправляем ответ в ipc_router
[2m2026-02-18T11:17:53.120625Z[0m [32m INFO[0m [2mtaxon_core::actors::ipc::http_actor[0m[2m:[0m recv msg from ws
[2m2026-02-18T11:17:53.186317Z[0m [32m INFO[0m [2mtaxon_core::actors::ipc::http_actor[0m[2m:[0m recv msg from ws
[2m2026-02-18T11:17:53.186376Z[0m [32m INFO[0m [2mtaxon_core::actors::ipc::http_actor[0m[2m:[0m send ws message to handler
[2m2026-02-18T11:17:53.186433Z[0m [32m INFO[0m [1mActor[0m[1m{[0m[3mid[0m[2m=[0m"0.8"
 [3mname[0m[2m=[0m"ClientIpcHandler"[1m}[0m[2m:[0m [2mikm_controller::actors::ipc_handler[0m[2m:[0m Modbus IPC_Handler: получено IPC сообщение: peer=019c7076-955a-7912-b1f6-fe6e68cdac38, protocol=WS
[2m2026-02-18T11:17:53.186480Z[0m [32m INFO[0m [1mActor[0m[1m{[0m[3mid[0m[2m=[0m"0.8"
 [3mname[0m[2m=[0m"ClientIpcHandler"[1m}[0m[2m:[0m [2mikm_controller::actors::ipc_handler[0m[2m:[0m Modbus IPC_Handler: raw msg =
{
  "type": "Action",
  "action": {
    "name": "park_list",
    "type": "GetData",
    "args": {
      "ids": [],
      "fields": "Minimal"
    },
    "target": {
      "type": "Data",
      "data_ns": "Parks"
    }
  },
  "id": 3071774373,
  "guaranteed": null,
  "send_at": null,
  "from_user": "admin",
  "from_module": null,
  "with_roles": [
    "operator",
    "engineer",
    "admin"
  ],
  "in_group": null,
  "in_process": null,
  "in_device": null,
  "for_module": null,
  "for_user": null
}
[2m2026-02-18T11:17:53.186488Z[0m [32m INFO[0m [1mActor[0m[1m{[0m[3mid[0m[2m=[0m"0.8"
 [3mname[0m[2m=[0m"ClientIpcHandler"[1m}[0m[2m:[0m [2mikm_controller::actors::ipc_handler[0m[2m:[0m Modbus IPC_Handler: action.name=Some("park_list"), kind=GetData, target.module_name=None, data_ns=Some("Parks")
[2m2026-02-18T11:17:53.186493Z[0m [32m INFO[0m [1mActor[0m[1m{[0m[3mid[0m[2m=[0m"0.8"
 [3mname[0m[2m=[0m"ClientIpcHandler"[1m}[0m[2m:[0m [2mikm_controller::actors::ipc_handler[0m[2m:[0m Modbus IPC_Handler: непонятный action: name=Some("park_list"), kind=GetData — игнорируем
[2m2026-02-18T11:17:53.197642Z[0m [32m INFO[0m [2mtaxon_core::actors::ipc::http_actor[0m[2m:[0m recv msg from ws
[2m2026-02-18T11:17:53.197723Z[0m [32m INFO[0m [2mtaxon_core::actors::ipc::http_actor[0m[2m:[0m send ws message to handler
[2m2026-02-18T11:17:53.198166Z[0m [32m INFO[0m [1mActor[0m[1m{[0m[3mid[0m[2m=[0m"0.8"
 [3mname[0m[2m=[0m"ClientIpcHandler"[1m}[0m[2m:[0m [2mikm_controller::actors::ipc_handler[0m[2m:[0m Modbus IPC_Handler: получено IPC сообщение: peer=019c7076-955a-7912-b1f6-fe6e68cdac38, protocol=WS
[2m2026-02-18T11:17:53.198197Z[0m [32m INFO[0m [1mActor[0m[1m{[0m[3mid[0m[2m=[0m"0.8"
 [3mname[0m[2m=[0m"ClientIpcHandler"[1m}[0m[2m:[0m [2mikm_controller::actors::ipc_handler[0m[2m:[0m Modbus IPC_Handler: raw msg =
{
  "type": "Action",
  "action": {
    "name": "product_list",
    "type": "GetData",
    "args": {
      "ids": [],
      "fields": "Minimal"
    },
    "target": {
      "type": "Data",
      "data_ns": "Products"
    }
  },
  "id": 4249525895,
  "guaranteed": null,
  "send_at": null,
  "from_user": "admin",
  "from_module": null,
  "with_roles": [
    "operator",
    "engineer",
    "admin"
  ],
  "in_group": null,
  "in_process": null,
  "in_device": null,
  "for_module": null,
  "for_user": null
}
[2m2026-02-18T11:17:53.198204Z[0m [32m INFO[0m [1mActor[0m[1m{[0m[3mid[0m[2m=[0m"0.8"
 [3mname[0m[2m=[0m"ClientIpcHandler"[1m}[0m[2m:[0m [2mikm_controller::actors::ipc_handler[0m[2m:[0m Modbus IPC_Handler: action.name=Some("product_list"), kind=GetData, target.module_name=None, data_ns=Some("Products")
[2m2026-02-18T11:17:53.198219Z[0m [32m INFO[0m [1mActor[0m[1m{[0m[3mid[0m[2m=[0m"0.8"
 [3mname[0m[2m=[0m"ClientIpcHandler"[1m}[0m[2m:[0m [2mikm_controller::actors::ipc_handler[0m[2m:[0m Modbus IPC_Handler: обработка action 'product_list'
[2m2026-02-18T11:17:53.198231Z[0m [32m INFO[0m [1mActor[0m[1m{[0m[3mid[0m[2m=[0m"0.8"
 [3mname[0m[2m=[0m"ClientIpcHandler"[1m}[0m[2m:[0m [2mikm_controller::actors::ipc_handler[0m[2m:[0m products_list: входные аргументы: ids.len() = 0, fields = Minimal
[2m2026-02-18T11:17:53.198286Z[0m [32m INFO[0m [1mActor[0m[1m{[0m[3mid[0m[2m=[0m"0.8"
 [3mname[0m[2m=[0m"ClientIpcHandler"[1m}[0m[2m:[0m [2mikm_controller::actors::ipc_handler[0m[2m:[0m products_list: отправляем ответ в ipc_router
[2m2026-02-18T11:17:53.207210Z[0m [32m INFO[0m [2mtaxon_core::actors::ipc::http_actor[0m[2m:[0m recv msg from ws
[2m2026-02-18T11:17:53.207262Z[0m [32m INFO[0m [2mtaxon_core::actors::ipc::http_actor[0m[2m:[0m send ws message to handler
[2m2026-02-18T11:17:53.207317Z[0m [32m INFO[0m [1mActor[0m[1m{[0m[3mid[0m[2m=[0m"0.8"
 [3mname[0m[2m=[0m"ClientIpcHandler"[1m}[0m[2m:[0m [2mikm_controller::actors::ipc_handler[0m[2m:[0m Modbus IPC_Handler: получено IPC сообщение: peer=019c7076-955a-7912-b1f6-fe6e68cdac38, protocol=WS
[2m2026-02-18T11:17:53.207349Z[0m [32m INFO[0m [1mActor[0m[1m{[0m[3mid[0m[2m=[0m"0.8"
 [3mname[0m[2m=[0m"ClientIpcHandler"[1m}[0m[2m:[0m [2mikm_controller::actors::ipc_handler[0m[2m:[0m Modbus IPC_Handler: raw msg =
{
  "type": "Action",
  "action": {
    "name": "tank_list",
    "type": "GetData",
    "args": {
      "ids": [],
      "fields": "All"
    },
    "target": {
      "type": "Data",
      "data_ns": "Tank"
    }
  },
  "id": 2972283609,
  "guaranteed": null,
  "send_at": null,
  "from_user": "admin",
  "from_module": null,
  "with_roles": [
    "operator",
    "engineer",
    "admin"
  ],
  "in_group": null,
  "in_process": null,
  "in_device": null,
  "for_module": null,
  "for_user": null
}
[2m2026-02-18T11:17:53.207356Z[0m [32m INFO[0m [1mActor[0m[1m{[0m[3mid[0m[2m=[0m"0.8"
 [3mname[0m[2m=[0m"ClientIpcHandler"[1m}[0m[2m:[0m [2mikm_controller::actors::ipc_handler[0m[2m:[0m Modbus IPC_Handler: action.name=Some("tank_list"), kind=GetData, target.module_name=None, data_ns=Some("Tank")
[2m2026-02-18T11:17:53.207431Z[0m [32m INFO[0m [1mActor[0m[1m{[0m[3mid[0m[2m=[0m"0.8"
 [3mname[0m[2m=[0m"ClientIpcHandler"[1m}[0m[2m:[0m [2mikm_controller::actors::ipc_handler[0m[2m:[0m tank_list: отправляем ответ в ipc_router
[2m2026-02-18T11:17:55.198681Z[0m [32m INFO[0m [2mtaxon_core::actors::ipc::http_actor[0m[2m:[0m recv msg from ws
[2m2026-02-18T11:17:55.198757Z[0m [32m INFO[0m [2mtaxon_core::actors::ipc::http_actor[0m[2m:[0m send ws message to handler
[2m2026-02-18T11:17:55.199147Z[0m [32m INFO[0m [1mActor[0m[1m{[0m[3mid[0m[2m=[0m"0.8"
 [3mname[0m[2m=[0m"ClientIpcHandler"[1m}[0m[2m:[0m [2mikm_controller::actors::ipc_handler[0m[2m:[0m Modbus IPC_Handler: получено IPC сообщение: peer=019c7076-955a-7912-b1f6-fe6e68cdac38, protocol=WS
[2m2026-02-18T11:17:55.199196Z[0m [32m INFO[0m [1mActor[0m[1m{[0m[3mid[0m[2m=[0m"0.8"
 [3mname[0m[2m=[0m"ClientIpcHandler"[1m}[0m[2m:[0m [2mikm_controller::actors::ipc_handler[0m[2m:[0m Modbus IPC_Handler: raw msg =
{
  "type": "Action",
  "action": {
    "name": "tank_list",
    "type": "GetData",
    "args": {
      "ids": [],
      "fields": "All"
    },
    "target": {
      "type": "Data",
      "data_ns": "Tank"
    }
  },
  "id": 2270283963,
  "guaranteed": null,
  "send_at": null,
  "from_user": "admin",
  "from_module": null,
  "with_roles": [
    "operator",
    "engineer",
    "admin"
  ],
  "in_group": null,
  "in_process": null,
  "in_device": null,
  "for_module": null,
  "for_user": null
}
[2m2026-02-18T11:17:55.199218Z[0m [32m INFO[0m [1mActor[0m[1m{[0m[3mid[0m[2m=[0m"0.8"
 [3mname[0m[2m=[0m"ClientIpcHandler"[1m}[0m[2m:[0m [2mikm_controller::actors::ipc_handler[0m[2m:[0m Modbus IPC_Handler: action.name=Some("tank_list"), kind=GetData, target.module_name=None, data_ns=Some("Tank")
[2m2026-02-18T11:17:55.199328Z[0m [32m INFO[0m [1mActor[0m[1m{[0m[3mid[0m[2m=[0m"0.8"
 [3mname[0m[2m=[0m"ClientIpcHandler"[1m}[0m[2m:[0m [2mikm_controller::actors::ipc_handler[0m[2m:[0m tank_list: отправляем ответ в ipc_router
[2m2026-02-18T11:17:55.900092Z[0m [32m INFO[0m [2mtaxon_core::actors::ipc::http_actor[0m[2m:[0m recv msg from ws
[2m2026-02-18T11:17:57.242184Z[0m [32m INFO[0m [2mtaxon_core::actors::ipc::http_actor[0m[2m:[0m recv msg from ws
[2m2026-02-18T11:17:57.242244Z[0m [32m INFO[0m [2mtaxon_core::actors::ipc::http_actor[0m[2m:[0m send ws message to handler
[2m2026-02-18T11:17:57.242307Z[0m [32m INFO[0m [1mActor[0m[1m{[0m[3mid[0m[2m=[0m"0.8"
 [3mname[0m[2m=[0m"ClientIpcHandler"[1m}[0m[2m:[0m [2mikm_controller::actors::ipc_handler[0m[2m:[0m Modbus IPC_Handler: получено IPC сообщение: peer=019c7076-955a-7912-b1f6-fe6e68cdac38, protocol=WS
[2m2026-02-18T11:17:57.242359Z[0m [32m INFO[0m [1mActor[0m[1m{[0m[3mid[0m[2m=[0m"0.8"
 [3mname[0m[2m=[0m"ClientIpcHandler"[1m}[0m[2m:[0m [2mikm_controller::actors::ipc_handler[0m[2m:[0m Modbus IPC_Handler: raw msg =
{
  "type": "Action",
  "action": {
    "name": "tank_list",
    "type": "GetData",
    "args": {
      "ids": [],
      "fields": "All"
    },
    "target": {
      "type": "Data",
      "data_ns": "Tank"
    }
  },
  "id": 2303495289,
  "guaranteed": null,
  "send_at": null,
  "from_user": "admin",
  "from_module": null,
  "with_roles": [
    "operator",
    "engineer",
    "admin"
  ],
  "in_group": null,
  "in_process": null,
  "in_device": null,
  "for_module": null,
  "for_user": null
}
[2m2026-02-18T11:17:57.242370Z[0m [32m INFO[0m [1mActor[0m[1m{[0m[3mid[0m[2m=[0m"0.8"
 [3mname[0m[2m=[0m"ClientIpcHandler"[1m}[0m[2m:[0m [2mikm_controller::actors::ipc_handler[0m[2m:[0m Modbus IPC_Handler: action.name=Some("tank_list"), kind=GetData, target.module_name=None, data_ns=Some("Tank")
[2m2026-02-18T11:17:57.242471Z[0m [32m INFO[0m [1mActor[0m[1m{[0m[3mid[0m[2m=[0m"0.8"
 [3mname[0m[2m=[0m"ClientIpcHandler"[1m}[0m[2m:[0m [2mikm_controller::actors::ipc_handler[0m[2m:[0m tank_list: отправляем ответ в ipc_router
